codigo,municipio,pib_mil_reais
1100015,Alta Floresta D'Oeste - RO,734467
1100023,Ariquemes - RO,3211294
1100031,Cabixi - RO,238414
1100049,Cacoal - RO,2792506
1100056,Cerejeiras - RO,743062
1100064,Colorado do Oeste - RO,424846
1100072,Corumbiara - RO,396740
1100080,Costa Marques - RO,316672
1100098,Espigão D'Oeste - RO,773372
1100106,Guajará-Mirim - RO,1054255
1100114,Jaru - RO,1764718
1100122,Ji-Paraná - RO,4230355
1100130,Machadinho D'Oeste - RO,890319
1100148,Nova Brasilândia D'Oeste - RO,549853
1100155,Ouro Preto do Oeste - RO,986046
1100189,Pimenta Bueno - RO,1642621
1100205,Porto Velho - RO,20056138
1100254,Presidente Médici - RO,560210
1100262,Rio Crespo - RO,184428
1100288,Rolim de Moura - RO,1565241
1100296,Santa Luzia D'Oeste - RO,213590
1100304,Vilhena - RO,4215442
1100320,São Miguel do Guaporé - RO,905341
1100338,Nova Mamoré - RO,742686
1100346,Alvorada D'Oeste - RO,352630
1100379,Alto Alegre dos Parecis - RO,483672
1100403,Alto Paraíso - RO,510740
1100452,Buritis - RO,966556
1100502,Novo Horizonte do Oeste - RO,231501
1100601,Cacaulândia - RO,275338
1100700,Campo Novo de Rondônia - RO,369127
1100809,Candeias do Jamari - RO,655569
1100908,Castanheiras - RO,99627
1100924,Chupinguaia - RO,468793
1100940,Cujubim - RO,487756
1101005,Governador Jorge Teixeira - RO,239331
1101104,Itapuã do Oeste - RO,209927
1101203,Ministro Andreazza - RO,297876
1101302,Mirante da Serra - RO,262627
1101401,Monte Negro - RO,389781
1101435,Nova União - RO,157321
1101450,Parecis - RO,155430
1101468,Pimenteiras do Oeste - RO,246209
1101476,Primavera de Rondônia - RO,107030
1101484,São Felipe D'Oeste - RO,130675
1101492,São Francisco do Guaporé - RO,488141
1101500,Seringueiras - RO,332986
1101559,Teixeirópolis - RO,121304
1101609,Theobroma - RO,257436
1101708,Urupá - RO,273505
1101757,Vale do Anari - RO,220948
1101807,Vale do Paraíso - RO,185648
1200013,Acrelândia - AC,398725
1200054,Assis Brasil - AC,133916
1200104,Brasiléia - AC,685636
1200138,Bujari - AC,300830
1200179,Capixaba - AC,512353
1200203,Cruzeiro do Sul - AC,2058630
1200252,Epitaciolândia - AC,644542
1200302,Feijó - AC,567040
1200328,Jordão - AC,113975
1200336,Mâncio Lima - AC,269205
1200344,Manoel Urbano - AC,184904
1200351,Marechal Thaumaturgo - AC,256865
1200385,Plácido de Castro - AC,601471
1200393,Porto Walter - AC,160535
1200401,Rio Branco - AC,10955675
1200427,Rodrigues Alves - AC,255649
1200435,Santa Rosa do Purus - AC,108545
1200450,Senador Guiomard - AC,779672
1200500,Sena Madureira - AC,748094
1200609,Tarauacá - AC,711884
1200708,Xapuri - AC,454981
1200807,Porto Acre - AC,471315
1300029,Alvarães - AM,217333
1300060,Amaturá - AM,118872
1300086,Anamã - AM,138599
1300102,Anori - AM,248435
1300144,Apuí - AM,297810
1300201,Atalaia do Norte - AM,184947
1300300,Autazes - AM,506341
1300409,Barcelos - AM,245622
1300508,Barreirinha - AM,344890
1300607,Benjamin Constant - AM,388781
1300631,Beruri - AM,211871
1300680,Boa Vista do Ramos - AM,182412
1300706,Boca do Acre - AM,512796
1300805,Borba - AM,402131
1300839,Caapiranga - AM,177894
1300904,Canutama - AM,154316
1301001,Carauari - AM,370663
1301100,Careiro - AM,395194
1301159,Careiro da Várzea - AM,413374
1301209,Coari - AM,3380325
1301308,Codajás - AM,531995
1301407,Eirunepé - AM,568036
1301506,Envira - AM,215527
1301605,Fonte Boa - AM,222773
1301654,Guajará - AM,177320
1301704,Humaitá - AM,860168
1301803,Ipixuna - AM,216519
1301852,Iranduba - AM,1001862
1301902,Itacoatiara - AM,2350463
1301951,Itamarati - AM,135620
1302009,Itapiranga - AM,152509
1302108,Japurá - AM,85809
1302207,Juruá - AM,138074
1302306,Jutaí - AM,266377
1302405,Lábrea - AM,625198
1302504,Manacapuru - AM,1544675
1302553,Manaquiri - AM,311335
1302603,Manaus - AM,103281400
1302702,Manicoré - AM,686279
1302801,Maraã - AM,176217
1302900,Maués - AM,595826
1303007,Nhamundá - AM,207005
1303106,Nova Olinda do Norte - AM,341652
1303205,Novo Airão - AM,186533
1303304,Novo Aripuanã - AM,252422
1303403,Parintins - AM,1426972
1303502,Pauini - AM,199541
1303536,Presidente Figueiredo - AM,1031905
1303569,Rio Preto da Eva - AM,407146
1303601,Santa Isabel do Rio Negro - AM,185817
1303700,Santo Antônio do Içá - AM,237314
1303809,São Gabriel da Cachoeira - AM,423055
1303908,São Paulo de Olivença - AM,334131
1303957,São Sebastião do Uatumã - AM,136609
1304005,Silves - AM,175042
1304062,Tabatinga - AM,758035
1304104,Tapauá - AM,239944
1304203,Tefé - AM,1098392
1304237,Tonantins - AM,185410
1304260,Uarini - AM,229209
1304302,Urucará - AM,205656
1304401,Urucurituba - AM,232661
1400027,Amajari - RR,240826
1400050,Alto Alegre - RR,385507
1400100,Boa Vista - RR,13493364
1400159,Bonfim - RR,522405
1400175,Cantá - RR,353071
1400209,Caracaraí - RR,453298
1400233,Caroebe - RR,236788
1400282,Iracema - RR,208477
1400308,Mucajaí - RR,393852
1400407,Normandia - RR,202859
1400456,Pacaraima - RR,329092
1400472,Rorainópolis - RR,732356
1400506,São João da Baliza - RR,327768
1400605,São Luiz do Anauá - RR,178972
1400704,Uiramutã - RR,143945
1500107,Abaetetuba - PA,1947974
1500131,Abel Figueiredo - PA,105404
1500206,Acará - PA,1432521
1500305,Afuá - PA,443759
1500347,Água Azul do Norte - PA,642853
1500404,Alenquer - PA,744811
1500503,Almeirim - PA,687773
1500602,Altamira - PA,3118777
1500701,Anajás - PA,258574
1500800,Ananindeua - PA,8937579
1500859,Anapu - PA,587647
1500909,Augusto Corrêa - PA,363265
1500958,Aurora do Pará - PA,308260
1501006,Aveiro - PA,151776
1501105,Bagre - PA,250290
1501204,Baião - PA,561719
1501253,Bannach - PA,128925
1501303,Barcarena - PA,9242378
1501402,Belém - PA,33567695
1501451,Belterra - PA,236958
1501501,Benevides - PA,1986152
1501576,Bom Jesus do Tocantins - PA,243654
1501600,Bonito - PA,206570
1501709,Bragança - PA,1388411
1501725,Brasil Novo - PA,379575
1501758,Brejo Grande do Araguaia - PA,114974
1501782,Breu Branco - PA,793768
1501808,Breves - PA,892630
1501907,Bujaru - PA,536456
1501956,Cachoeira do Piriá - PA,227354
1502004,Cachoeira do Arari - PA,255901
1502103,Cametá - PA,1392449
1502152,Canaã dos Carajás - PA,34987915
1502202,Capanema - PA,1426639
1502301,Capitão Poço - PA,615256
1502400,Castanhal - PA,4707381
1502509,Chaves - PA,247974
1502608,Colares - PA,100826
1502707,Conceição do Araguaia - PA,662415
1502756,Concórdia do Pará - PA,419795
1502764,Cumaru do Norte - PA,406772
1502772,Curionópolis - PA,3666991
1502806,Curralinho - PA,282042
1502855,Curuá - PA,149514
1502905,Curuçá - PA,369391
1502939,Dom Eliseu - PA,940080
1502954,Eldorado do Carajás - PA,555637
1503002,Faro - PA,76574
1503044,Floresta do Araguaia - PA,602377
1503077,Garrafão do Norte - PA,275694
1503093,Goianésia do Pará - PA,506230
1503101,Gurupá - PA,333716
1503200,Igarapé-Açu - PA,415581
1503309,Igarapé-Miri - PA,690510
1503408,Inhangapi - PA,174530
1503457,Ipixuna do Pará - PA,624646
1503507,Irituia - PA,277699
1503606,Itaituba - PA,3077344
1503705,Itupiranga - PA,841410
1503754,Jacareacanga - PA,625353
1503804,Jacundá - PA,615189
1503903,Juruti - PA,1450846
1504000,Limoeiro do Ajuru - PA,502725
1504059,Mãe do Rio - PA,339947
1504109,Magalhães Barata - PA,98319
1504208,Marabá - PA,13519525
1504307,Maracanã - PA,289582
1504406,Marapanim - PA,263294
1504422,Marituba - PA,2577121
1504455,Medicilândia - PA,1023645
1504505,Melgaço - PA,216421
1504604,Mocajuba - PA,451566
1504703,Moju - PA,1333107
1504752,Mojuí dos Campos - PA,288393
1504802,Monte Alegre - PA,806682
1504901,Muaná - PA,338390
1504950,Nova Esperança do Piriá - PA,350593
1504976,Nova Ipixuna - PA,192412
1505007,Nova Timboteua - PA,147341
1505031,Novo Progresso - PA,971105
1505064,Novo Repartimento - PA,1116164
1505106,Óbidos - PA,965319
1505205,Oeiras do Pará - PA,418634
1505304,Oriximiná - PA,2277390
1505403,Ourém - PA,200487
1505437,Ourilândia do Norte - PA,1301994
1505486,Pacajá - PA,867036
1505494,Palestina do Pará - PA,98673
1505502,Paragominas - PA,4279105
1505536,Parauapebas - PA,49756255
1505551,Pau D'Arco - PA,114746
1505601,Peixe-Boi - PA,72240
1505635,Piçarra - PA,292566
1505650,Placas - PA,322977
1505700,Ponta de Pedras - PA,274903
1505809,Portel - PA,944900
1505908,Porto de Moz - PA,404115
1506005,Prainha - PA,437647
1506104,Primavera - PA,321570
1506112,Quatipuru - PA,120746
1506138,Redenção - PA,2551566
1506161,Rio Maria - PA,601635
1506187,Rondon do Pará - PA,733550
1506195,Rurópolis - PA,496483
1506203,Salinópolis - PA,641473
1506302,Salvaterra - PA,210115
1506351,Santa Bárbara do Pará - PA,240288
1506401,Santa Cruz do Arari - PA,95936
1506500,Santa Izabel do Pará - PA,934543
1506559,Santa Luzia do Pará - PA,195899
1506583,Santa Maria das Barreiras - PA,1071990
1506609,Santa Maria do Pará - PA,371437
1506708,Santana do Araguaia - PA,1381466
1506807,Santarém - PA,6387634
1506906,Santarém Novo - PA,59961
1507003,Santo Antônio do Tauá - PA,475226
1507102,São Caetano de Odivelas - PA,182987
1507151,São Domingos do Araguaia - PA,358711
1507201,São Domingos do Capim - PA,438000
1507300,São Félix do Xingu - PA,2008369
1507409,São Francisco do Pará - PA,264186
1507458,São Geraldo do Araguaia - PA,710322
1507466,São João da Ponta - PA,57326
1507474,São João de Pirabas - PA,181939
1507508,São João do Araguaia - PA,186695
1507607,São Miguel do Guamá - PA,792510
1507706,São Sebastião da Boa Vista - PA,244688
1507755,Sapucaia - PA,141045
1507805,Senador José Porfírio - PA,246022
1507904,Soure - PA,241545
1507953,Tailândia - PA,1291017
1507961,Terra Alta - PA,82919
1507979,Terra Santa - PA,519258
1508001,Tomé-Açu - PA,1039721
1508035,Tracuateua - PA,285004
1508050,Trairão - PA,327330
1508084,Tucumã - PA,984036
1508100,Tucuruí - PA,5612935
1508126,Ulianópolis - PA,1995463
1508159,Uruará - PA,774004
1508209,Vigia - PA,476447
1508308,Viseu - PA,617944
1508357,Vitória do Xingu - PA,4230225
1508407,Xinguara - PA,1604337
1600055,Serra do Navio - AP,92139
1600105,Amapá - AP,159528
1600154,Pedra Branca do Amapari - AP,453333
1600204,Calçoene - AP,186852
1600212,Cutias - AP,94992
1600238,Ferreira Gomes - AP,578737
1600253,Itaubal - AP,87878
1600279,Laranjal do Jari - AP,1134544
1600303,Macapá - AP,12938091
1600402,Mazagão - AP,374987
1600501,Oiapoque - AP,529043
1600535,Porto Grande - AP,374265
1600550,Pracuúba - AP,84579
1600600,Santana - AP,2512916
1600709,Tartarugalzinho - AP,261070
1600808,Vitória do Jari - AP,236897
1700251,Abreulândia - TO,112135
1700301,Aguiarnópolis - TO,165480
1700350,Aliança do Tocantins - TO,616571
1700400,Almas - TO,273741
1700707,Alvorada - TO,474111
1701002,Ananás - TO,159769
1701051,Angico - TO,48276
1701101,Aparecida do Rio Negro - TO,255912
1701309,Aragominas - TO,98441
1701903,Araguacema - TO,240246
1702000,Araguaçu - TO,349050
1702109,Araguaína - TO,5239050
1702158,Araguanã - TO,101858
1702208,Araguatins - TO,529290
1702307,Arapoema - TO,324523
1702406,Arraias - TO,223310
1702554,Augustinópolis - TO,305118
1702703,Aurora do Tocantins - TO,58806
1702901,Axixá do Tocantins - TO,141092
1703008,Babaçulândia - TO,158741
1703057,Bandeirantes do Tocantins - TO,178654
1703073,Barra do Ouro - TO,113260
1703107,Barrolândia - TO,122016
1703206,Bernardo Sayão - TO,102684
1703305,Bom Jesus do Tocantins - TO,139410
1703602,Brasilândia do Tocantins - TO,75634
1703701,Brejinho de Nazaré - TO,272945
1703800,Buriti do Tocantins - TO,161641
1703826,Cachoeirinha - TO,58547
1703842,Campos Lindos - TO,1004931
1703867,Cariri do Tocantins - TO,517715
1703883,Carmolândia - TO,69222
1703891,Carrasco Bonito - TO,50561
1703909,Caseara - TO,389493
1704105,Centenário - TO,64557
1704600,Chapada de Areia - TO,39824
1705102,Chapada da Natividade - TO,148973
1705508,Colinas do Tocantins - TO,862139
1705557,Combinado - TO,76524
1705607,Conceição do Tocantins - TO,67829
1706001,Couto Magalhães - TO,203473
1706100,Cristalândia - TO,177294
1706258,Crixás do Tocantins - TO,78645
1706506,Darcinópolis - TO,241932
1707009,Dianópolis - TO,644829
1707108,Divinópolis do Tocantins - TO,249235
1707207,Dois Irmãos do Tocantins - TO,216149
1707306,Dueré - TO,204765
1707405,Esperantina - TO,118724
1707553,Fátima - TO,89100
1707652,Figueirópolis - TO,256752
1707702,Filadélfia - TO,129323
1708205,Formoso do Araguaia - TO,1414038
1708254,Tabocão - TO,232898
1708304,Goianorte - TO,193502
1709005,Goiatins - TO,230924
1709302,Guaraí - TO,880403
1709500,Gurupi - TO,2648420
1709807,Ipueiras - TO,47772
1710508,Itacajá - TO,186260
1710706,Itaguatins - TO,82611
1710904,Itapiratins - TO,171522
1711100,Itaporã do Tocantins - TO,69980
1711506,Jaú do Tocantins - TO,97865
1711803,Juarina - TO,44395
1711902,Lagoa da Confusão - TO,998445
1711951,Lagoa do Tocantins - TO,89429
1712009,Lajeado - TO,64405
1712157,Lavandeira - TO,37870
1712405,Lizarda - TO,66332
1712454,Luzinópolis - TO,71180
1712504,Marianópolis do Tocantins - TO,252331
1712702,Mateiros - TO,252360
1712801,Maurilândia do Tocantins - TO,55911
1713205,Miracema do Tocantins - TO,642003
1713304,Miranorte - TO,390325
1713601,Monte do Carmo - TO,296288
1713700,Monte Santo do Tocantins - TO,75004
1713809,Palmeiras do Tocantins - TO,95357
1713957,Muricilândia - TO,69465
1714203,Natividade - TO,247340
1714302,Nazaré - TO,58139
1714880,Nova Olinda - TO,320311
1715002,Nova Rosalândia - TO,100915
1715101,Novo Acordo - TO,84723
1715150,Novo Alegre - TO,35521
1715259,Novo Jardim - TO,42672
1715507,Oliveira de Fátima - TO,29469
1715705,Palmeirante - TO,185349
1715754,Palmeirópolis - TO,170118
1716109,Paraíso do Tocantins - TO,1513693
1716208,Paranã - TO,315397
1716307,Pau D'Arco - TO,91169
1716505,Pedro Afonso - TO,848671
1716604,Peixe - TO,733929
1716653,Pequizeiro - TO,107606
1716703,Colméia - TO,182796
1717008,Pindorama do Tocantins - TO,85006
1717206,Piraquê - TO,89940
1717503,Pium - TO,361915
1717800,Ponte Alta do Bom Jesus - TO,66158
1717909,Ponte Alta do Tocantins - TO,121170
1718006,Porto Alegre do Tocantins - TO,47043
1718204,Porto Nacional - TO,3649421
1718303,Praia Norte - TO,93139
1718402,Presidente Kennedy - TO,65165
1718451,Pugmil - TO,82663
1718501,Recursolândia - TO,91480
1718550,Riachinho - TO,68536
1718659,Rio da Conceição - TO,29142
1718709,Rio dos Bois - TO,85928
1718758,Rio Sono - TO,111443
1718808,Sampaio - TO,145863
1718840,Sandolândia - TO,116736
1718865,Santa Fé do Araguaia - TO,175927
1718881,Santa Maria do Tocantins - TO,139630
1718899,Santa Rita do Tocantins - TO,180273
1718907,Santa Rosa do Tocantins - TO,307685
1719004,Santa Tereza do Tocantins - TO,48098
1720002,Santa Terezinha do Tocantins - TO,41931
1720101,São Bento do Tocantins - TO,73590
1720150,São Félix do Tocantins - TO,36541
1720200,São Miguel do Tocantins - TO,255814
1720259,São Salvador do Tocantins - TO,49467
1720309,São Sebastião do Tocantins - TO,61804
1720499,São Valério - TO,156734
1720655,Silvanópolis - TO,240329
1720804,Sítio Novo do Tocantins - TO,132862
1720853,Sucupira - TO,532374
1720903,Taguatinga - TO,318253
1720937,Taipas do Tocantins - TO,35246
1720978,Talismã - TO,146708
1721000,Palmas - TO,10333419
1721109,Tocantínia - TO,191373
1721208,Tocantinópolis - TO,372642
1721257,Tupirama - TO,118839
1721307,Tupiratins - TO,38619
1722081,Wanderlândia - TO,183424
1722107,Xambioá - TO,471020
2100055,Açailândia - MA,3828533
2100105,Afonso Cunha - MA,85052
2100154,Água Doce do Maranhão - MA,101642
2100204,Alcântara - MA,148763
2100303,Aldeias Altas - MA,249396
2100402,Altamira do Maranhão - MA,71512
2100436,Alto Alegre do Maranhão - MA,303118
2100477,Alto Alegre do Pindaré - MA,251719
2100501,Alto Parnaíba - MA,578961
2100550,Amapá do Maranhão - MA,70198
2100600,Amarante do Maranhão - MA,388636
2100709,Anajatuba - MA,207606
2100808,Anapurus - MA,149102
2100832,Apicum-Açu - MA,133946
2100873,Araguanã - MA,101728
2100907,Araioses - MA,282769
2100956,Arame - MA,290315
2101004,Arari - MA,313251
2101103,Axixá - MA,97422
2101202,Bacabal - MA,1514560
2101251,Bacabeira - MA,599285
2101301,Bacuri - MA,122872
2101350,Bacurituba - MA,39590
2101400,Balsas - MA,6307425
2101509,Barão de Grajaú - MA,268538
2101608,Barra do Corda - MA,889190
2101707,Barreirinhas - MA,635711
2101731,Belágua - MA,60711
2101772,Bela Vista do Maranhão - MA,107543
2101806,Benedito Leite - MA,73150
2101905,Bequimão - MA,138114
2101939,Bernardo do Mearim - MA,105114
2101970,Boa Vista do Gurupi - MA,67540
2102002,Bom Jardim - MA,411352
2102036,Bom Jesus das Selvas - MA,375665
2102077,Bom Lugar - MA,117960
2102101,Brejo - MA,328633
2102150,Brejo de Areia - MA,71065
2102200,Buriti - MA,277919
2102309,Buriti Bravo - MA,238673
2102325,Buriticupu - MA,748028
2102358,Buritirana - MA,122474
2102374,Cachoeira Grande - MA,60974
2102408,Cajapió - MA,70653
2102507,Cajari - MA,128078
2102556,Campestre do Maranhão - MA,214011
2102606,Cândido Mendes - MA,146788
2102705,Cantanhede - MA,153398
2102754,Capinzal do Norte - MA,283976
2102804,Carolina - MA,525893
2102903,Carutapera - MA,201999
2103000,Caxias - MA,2112638
2103109,Cedral - MA,78583
2103125,Central do Maranhão - MA,58347
2103158,Centro do Guilherme - MA,103737
2103174,Centro Novo do Maranhão - MA,200757
2103208,Chapadinha - MA,894366
2103257,Cidelândia - MA,183560
2103307,Codó - MA,1648585
2103406,Coelho Neto - MA,465859
2103505,Colinas - MA,553171
2103554,Conceição do Lago-Açu - MA,147189
2103604,Coroatá - MA,533579
2103703,Cururupu - MA,264536
2103752,Davinópolis - MA,190193
2103802,Dom Pedro - MA,262555
2103901,Duque Bacelar - MA,86904
2104008,Esperantinópolis - MA,158978
2104057,Estreito - MA,1134821
2104073,Feira Nova do Maranhão - MA,118004
2104081,Fernando Falcão - MA,100418
2104099,Formosa da Serra Negra - MA,202149
2104107,Fortaleza dos Nogueiras - MA,346695
2104206,Fortuna - MA,143297
2104305,Godofredo Viana - MA,2658688
2104404,Gonçalves Dias - MA,150061
2104503,Governador Archer - MA,91904
2104552,Governador Edison Lobão - MA,374988
2104602,Governador Eugênio Barros - MA,118426
2104628,Governador Luiz Rocha - MA,71080
2104651,Governador Newton Bello - MA,84172
2104677,Governador Nunes Freire - MA,257972
2104701,Graça Aranha - MA,54153
2104800,Grajaú - MA,1149733
2104909,Guimarães - MA,93393
2105005,Humberto de Campos - MA,184363
2105104,Icatu - MA,178923
2105153,Igarapé do Meio - MA,370653
2105203,Igarapé Grande - MA,117728
2105302,Imperatriz - MA,7692904
2105351,Itaipava do Grajaú - MA,107285
2105401,Itapecuru Mirim - MA,772830
2105427,Itinga do Maranhão - MA,489226
2105450,Jatobá - MA,75689
2105476,Jenipapo dos Vieiras - MA,125733
2105500,João Lisboa - MA,270611
2105609,Joselândia - MA,116543
2105658,Junco do Maranhão - MA,61701
2105708,Lago da Pedra - MA,550404
2105807,Lago do Junco - MA,86638
2105906,Lago Verde - MA,135733
2105922,Lagoa do Mato - MA,97006
2105948,Lago dos Rodrigues - MA,83983
2105963,Lagoa Grande do Maranhão - MA,102432
2105989,Lajeado Novo - MA,101467
2106003,Lima Campos - MA,274539
2106102,Loreto - MA,413263
2106201,Luís Domingues - MA,57337
2106300,Magalhães de Almeida - MA,140962
2106326,Maracaçumé - MA,208574
2106359,Marajá do Sena - MA,90804
2106375,Maranhãozinho - MA,120910
2106409,Mata Roma - MA,179196
2106508,Matinha - MA,196744
2106607,Matões - MA,256347
2106631,Matões do Norte - MA,99315
2106672,Milagres do Maranhão - MA,64341
2106706,Mirador - MA,277811
2106755,Miranda do Norte - MA,788580
2106805,Mirinzal - MA,112050
2106904,Monção - MA,257635
2107001,Montes Altos - MA,86487
2107100,Morros - MA,149899
2107209,Nina Rodrigues - MA,88513
2107258,Nova Colinas - MA,86427
2107308,Nova Iorque - MA,50966
2107357,Nova Olinda do Maranhão - MA,183142
2107407,Olho d'Água das Cunhãs - MA,188363
2107456,Olinda Nova do Maranhão - MA,107282
2107506,Paço do Lumiar - MA,1240349
2107605,Palmeirândia - MA,139099
2107704,Paraibano - MA,183353
2107803,Parnarama - MA,322943
2107902,Passagem Franca - MA,200088
2108009,Pastos Bons - MA,309499
2108058,Paulino Neves - MA,118326
2108108,Paulo Ramos - MA,194140
2108207,Pedreiras - MA,787660
2108256,Pedro do Rosário - MA,157863
2108306,Penalva - MA,253736
2108405,Peri Mirim - MA,95936
2108454,Peritoró - MA,230427
2108504,Pindaré-Mirim - MA,296184
2108603,Pinheiro - MA,1039933
2108702,Pio XII - MA,191327
2108801,Pirapemas - MA,130764
2108900,Poção de Pedras - MA,163076
2109007,Porto Franco - MA,1026076
2109056,Porto Rico do Maranhão - MA,45856
2109106,Presidente Dutra - MA,755699
2109205,Presidente Juscelino - MA,84479
2109239,Presidente Médici - MA,60682
2109270,Presidente Sarney - MA,164968
2109304,Presidente Vargas - MA,76166
2109403,Primeira Cruz - MA,89083
2109452,Raposa - MA,286153
2109502,Riachão - MA,673197
2109551,Ribamar Fiquene - MA,124192
2109601,Rosário - MA,443176
2109700,Sambaíba - MA,474703
2109759,Santa Filomena do Maranhão - MA,60203
2109809,Santa Helena - MA,357951
2109908,Santa Inês - MA,1465933
2110005,Santa Luzia - MA,743420
2110039,Santa Luzia do Paruá - MA,253332
2110104,Santa Quitéria do Maranhão - MA,218445
2110203,Santa Rita - MA,354631
2110237,Santana do Maranhão - MA,74090
2110278,Santo Amaro do Maranhão - MA,95932
2110302,Santo Antônio dos Lopes - MA,3055535
2110401,São Benedito do Rio Preto - MA,143437
2110500,São Bento - MA,312160
2110609,São Bernardo - MA,281177
2110658,São Domingos do Azeitão - MA,320522
2110708,São Domingos do Maranhão - MA,355916
2110807,São Félix de Balsas - MA,86158
2110856,São Francisco do Brejão - MA,121253
2110906,São Francisco do Maranhão - MA,98973
2111003,São João Batista - MA,135595
2111029,São João do Carú - MA,123006
2111052,São João do Paraíso - MA,151458
2111078,São João do Soter - MA,156360
2111102,São João dos Patos - MA,340970
2111201,São José de Ribamar - MA,2293735
2111250,São José dos Basílios - MA,61940
2111300,São Luís - MA,36533730
2111409,São Luís Gonzaga do Maranhão - MA,170048
2111508,São Mateus do Maranhão - MA,429232
2111532,São Pedro da Água Branca - MA,127603
2111573,São Pedro dos Crentes - MA,83541
2111607,São Raimundo das Mangabeiras - MA,739621
2111631,São Raimundo do Doca Bezerra - MA,43955
2111672,São Roberto - MA,45766
2111706,São Vicente Ferrer - MA,145752
2111722,Satubinha - MA,93076
2111748,Senador Alexandre Costa - MA,101830
2111763,Senador La Rocque - MA,187130
2111789,Serrano do Maranhão - MA,72441
2111805,Sítio Novo - MA,221499
2111904,Sucupira do Norte - MA,126217
2111953,Sucupira do Riachão - MA,47999
2112001,Tasso Fragoso - MA,2351422
2112100,Timbiras - MA,196337
2112209,Timon - MA,2320671
2112233,Trizidela do Vale - MA,525500
2112274,Tufilândia - MA,60049
2112308,Tuntum - MA,365192
2112407,Turiaçu - MA,295916
2112456,Turilândia - MA,223067
2112506,Tutóia - MA,546155
2112605,Urbano Santos - MA,247485
2112704,Vargem Grande - MA,433473
2112803,Viana - MA,501710
2112852,Vila Nova dos Martírios - MA,156914
2112902,Vitória do Mearim - MA,318163
2113009,Vitorino Freire - MA,325509
2114007,Zé Doca - MA,567070
2200053,Acauã - PI,73623
2200103,Agricolândia - PI,47283
2200202,Água Branca - PI,244027
2200251,Alagoinha do Piauí - PI,65442
2200277,Alegrete do Piauí - PI,48184
2200301,Alto Longá - PI,130958
2200400,Altos - PI,538140
2200459,Alvorada do Gurguéia - PI,82125
2200509,Amarante - PI,192594
2200608,Angical do Piauí - PI,66749
2200707,Anísio de Abreu - PI,98552
2200806,Antônio Almeida - PI,140157
2200905,Aroazes - PI,57305
2200954,Aroeiras do Itaim - PI,24630
2201002,Arraial - PI,48922
2201051,Assunção do Piauí - PI,64266
2201101,Avelino Lopes - PI,97602
2201150,Baixa Grande do Ribeiro - PI,1768705
2201176,Barra D'Alcântara - PI,38963
2201200,Barras - PI,497742
2201309,Barreiras do Piauí - PI,163172
2201408,Barro Duro - PI,90192
2201507,Batalha - PI,250807
2201556,Bela Vista do Piauí - PI,46876
2201572,Belém do Piauí - PI,41264
2201606,Beneditinos - PI,91898
2201705,Bertolínia - PI,72471
2201739,Betânia do Piauí - PI,62570
2201770,Boa Hora - PI,62507
2201804,Bocaina - PI,47772
2201903,Bom Jesus - PI,1411005
2201919,Bom Princípio do Piauí - PI,70166
2201929,Bonfim do Piauí - PI,52945
2201945,Boqueirão do Piauí - PI,51725
2201960,Brasileira - PI,69325
2201988,Brejo do Piauí - PI,43979
2202000,Buriti dos Lopes - PI,214793
2202026,Buriti dos Montes - PI,69690
2202059,Cabeceiras do Piauí - PI,86140
2202075,Cajazeiras do Piauí - PI,34182
2202083,Cajueiro da Praia - PI,115379
2202091,Caldeirão Grande do Piauí - PI,195079
2202109,Campinas do Piauí - PI,57498
2202117,Campo Alegre do Fidalgo - PI,51328
2202133,Campo Grande do Piauí - PI,62139
2202174,Campo Largo do Piauí - PI,56554
2202208,Campo Maior - PI,706324
2202251,Canavieira - PI,41948
2202307,Canto do Buriti - PI,271402
2202406,Capitão de Campos - PI,106411
2202455,Capitão Gervásio Oliveira - PI,43672
2202505,Caracol - PI,97485
2202539,Caraúbas do Piauí - PI,57437
2202554,Caridade do Piauí - PI,50032
2202604,Castelo do Piauí - PI,202304
2202653,Caxingó - PI,53144
2202703,Cocal - PI,272775
2202711,Cocal de Telha - PI,46961
2202729,Cocal dos Alves - PI,56962
2202737,Coivaras - PI,37708
2202752,Colônia do Gurguéia - PI,70560
2202778,Colônia do Piauí - PI,68111
2202802,Conceição do Canindé - PI,60446
2202851,Coronel José Dias - PI,40770
2202901,Corrente - PI,680737
2203008,Cristalândia do Piauí - PI,75069
2203107,Cristino Castro - PI,121468
2203206,Curimatá - PI,140861
2203230,Currais - PI,409013
2203255,Curralinhos - PI,39660
2203271,Curral Novo do Piauí - PI,78414
2203305,Demerval Lobão - PI,215834
2203354,Dirceu Arcoverde - PI,67493
2203404,Dom Expedito Lopes - PI,78053
2203420,Domingos Mourão - PI,46532
2203453,Dom Inocêncio - PI,164347
2203503,Elesbão Veloso - PI,164745
2203602,Eliseu Martins - PI,55592
2203701,Esperantina - PI,456615
2203750,Fartura do Piauí - PI,46774
2203800,Flores do Piauí - PI,48120
2203859,Floresta do Piauí - PI,25258
2203909,Floriano - PI,1375704
2204006,Francinópolis - PI,44797
2204105,Francisco Ayres - PI,46763
2204154,Francisco Macedo - PI,30662
2204204,Francisco Santos - PI,83053
2204303,Fronteiras - PI,124838
2204352,Geminiano - PI,59302
2204402,Gilbués - PI,416900
2204501,Guadalupe - PI,637210
2204550,Guaribas - PI,45099
2204600,Hugo Napoleão - PI,34066
2204659,Ilha Grande - PI,119727
2204709,Inhuma - PI,163649
2204808,Ipiranga do Piauí - PI,82428
2204907,Isaías Coelho - PI,80798
2205003,Itainópolis - PI,108203
2205102,Itaueira - PI,131859
2205151,Jacobina do Piauí - PI,69073
2205201,Jaicós - PI,191773
2205250,Jardim do Mulato - PI,39633
2205276,Jatobá do Piauí - PI,58752
2205300,Jerumenha - PI,63533
2205359,João Costa - PI,69289
2205409,Joaquim Pires - PI,118898
2205458,Joca Marques - PI,46226
2205508,José de Freitas - PI,390737
2205516,Juazeiro do Piauí - PI,55948
2205524,Júlio Borges - PI,78729
2205532,Jurema - PI,43566
2205540,Lagoinha do Piauí - PI,40519
2205557,Lagoa Alegre - PI,77320
2205565,Lagoa do Barro do Piauí - PI,537525
2205573,Lagoa de São Francisco - PI,54980
2205581,Lagoa do Piauí - PI,74653
2205599,Lagoa do Sítio - PI,48595
2205607,Landri Sales - PI,109799
2205706,Luís Correia - PI,378632
2205805,Luzilândia - PI,241246
2205854,Madeiro - PI,75141
2205904,Manoel Emídio - PI,54807
2205953,Marcolândia - PI,198363
2206001,Marcos Parente - PI,54884
2206050,Massapê do Piauí - PI,52130
2206100,Matias Olímpio - PI,95557
2206209,Miguel Alves - PI,312836
2206308,Miguel Leão - PI,23618
2206357,Milton Brandão - PI,53563
2206407,Monsenhor Gil - PI,127395
2206506,Monsenhor Hipólito - PI,72882
2206605,Monte Alegre do Piauí - PI,298089
2206654,Morro Cabeça no Tempo - PI,39149
2206670,Morro do Chapéu do Piauí - PI,62450
2206696,Murici dos Portelas - PI,74909
2206704,Nazaré do Piauí - PI,67047
2206720,Nazária - PI,94898
2206753,Nossa Senhora de Nazaré - PI,47885
2206803,Nossa Senhora dos Remédios - PI,78547
2206902,Novo Oriente do Piauí - PI,58176
2206951,Novo Santo Antônio - PI,31237
2207009,Oeiras - PI,584518
2207108,Olho D'Água do Piauí - PI,28731
2207207,Padre Marcos - PI,73919
2207306,Paes Landim - PI,44250
2207355,Pajeú do Piauí - PI,52581
2207405,Palmeira do Piauí - PI,141457
2207504,Palmeirais - PI,138834
2207553,Paquetá - PI,44237
2207603,Parnaguá - PI,119216
2207702,Parnaíba - PI,2973925
2207751,Passagem Franca do Piauí - PI,48758
2207777,Patos do Piauí - PI,64630
2207793,Pau D'Arco do Piauí - PI,33613
2207801,Paulistana - PI,267774
2207850,Pavussu - PI,37693
2207900,Pedro II - PI,386328
2207934,Pedro Laurentino - PI,31322
2207959,Nova Santa Rita - PI,43931
2208007,Picos - PI,1941759
2208106,Pimenteiras - PI,106976
2208205,Pio IX - PI,202556
2208304,Piracuruca - PI,363519
2208403,Piripiri - PI,917296
2208502,Porto - PI,118547
2208551,Porto Alegre do Piauí - PI,39212
2208601,Prata do Piauí - PI,27584
2208650,Queimada Nova - PI,253314
2208700,Redenção do Gurguéia - PI,97930
2208809,Regeneração - PI,264517
2208858,Riacho Frio - PI,46279
2208874,Ribeira do Piauí - PI,217390
2208908,Ribeiro Gonçalves - PI,695855
2209005,Rio Grande do Piauí - PI,61491
2209104,Santa Cruz do Piauí - PI,61012
2209153,Santa Cruz dos Milagres - PI,45473
2209203,Santa Filomena - PI,615148
2209302,Santa Luz - PI,62465
2209351,Santana do Piauí - PI,40807
2209377,Santa Rosa do Piauí - PI,50228
2209401,Santo Antônio de Lisboa - PI,72021
2209450,Santo Antônio dos Milagres - PI,18051
2209500,Santo Inácio do Piauí - PI,40377
2209559,São Braz do Piauí - PI,39471
2209609,São Félix do Piauí - PI,32116
2209658,São Francisco de Assis do Piauí - PI,55545
2209708,São Francisco do Piauí - PI,58406
2209757,São Gonçalo do Gurguéia - PI,54607
2209807,São Gonçalo do Piauí - PI,56735
2209856,São João da Canabrava - PI,49321
2209872,São João da Fronteira - PI,60925
2209906,São João da Serra - PI,59723
2209955,São João da Varjota - PI,36648
2209971,São João do Arraial - PI,68235
2210003,São João do Piauí - PI,426952
2210052,São José do Divino - PI,63754
2210102,São José do Peixe - PI,42837
2210201,São José do Piauí - PI,68088
2210300,São Julião - PI,59545
2210359,São Lourenço do Piauí - PI,45314
2210375,São Luis do Piauí - PI,25333
2210383,São Miguel da Baixa Grande - PI,27272
2210391,São Miguel do Fidalgo - PI,47464
2210409,São Miguel do Tapuio - PI,163378
2210508,São Pedro do Piauí - PI,134836
2210607,São Raimundo Nonato - PI,566295
2210623,Sebastião Barros - PI,46712
2210631,Sebastião Leal - PI,255418
2210656,Sigefredo Pacheco - PI,78161
2210706,Simões - PI,434505
2210805,Simplício Mendes - PI,182912
2210904,Socorro do Piauí - PI,41067
2210938,Sussuapara - PI,76908
2210953,Tamboril do Piauí - PI,30388
2210979,Tanque do Piauí - PI,33181
2211001,Teresina - PI,23954511
2211100,União - PI,420370
2211209,Uruçuí - PI,2829979
2211308,Valença do Piauí - PI,289698
2211357,Várzea Branca - PI,44541
2211407,Várzea Grande - PI,40996
2211506,Vera Mendes - PI,31078
2211605,Vila Nova do Piauí - PI,37035
2211704,Wall Ferraz - PI,38008
2300101,Abaiara - CE,117971
2300150,Acarape - CE,179994
2300200,Acaraú - CE,1020201
2300309,Acopiara - CE,564520
2300408,Aiuaba - CE,151596
2300507,Alcântaras - CE,98202
2300606,Altaneira - CE,74654
2300705,Alto Santo - CE,232268
2300754,Amontada - CE,665472
2300804,Antonina do Norte - CE,78953
2300903,Apuiarés - CE,120978
2301000,Aquiraz - CE,3854401
2301109,Aracati - CE,1706227
2301208,Aracoiaba - CE,266422
2301257,Ararendá - CE,106784
2301307,Araripe - CE,207982
2301406,Aratuba - CE,151645
2301505,Arneiroz - CE,70224
2301604,Assaré - CE,237259
2301703,Aurora - CE,216792
2301802,Baixio - CE,67541
2301851,Banabuiú - CE,260031
2301901,Barbalha - CE,1345205
2301950,Barreira - CE,240016
2302008,Barro - CE,242027
2302057,Barroquinha - CE,133335
2302107,Baturité - CE,448272
2302206,Beberibe - CE,1059006
2302305,Bela Cruz - CE,322244
2302404,Boa Viagem - CE,539218
2302503,Brejo Santo - CE,817034
2302602,Camocim - CE,839500
2302701,Campos Sales - CE,292357
2302800,Canindé - CE,911356
2302909,Capistrano - CE,176809
2303006,Caridade - CE,186169
2303105,Cariré - CE,193105
2303204,Caririaçu - CE,253127
2303303,Cariús - CE,180984
2303402,Carnaubal - CE,166772
2303501,Cascavel - CE,1074377
2303600,Catarina - CE,154108
2303659,Catunda - CE,112081
2303709,Caucaia - CE,10422701
2303808,Cedro - CE,247325
2303907,Chaval - CE,110318
2303931,Choró - CE,178989
2303956,Chorozinho - CE,260273
2304004,Coreaú - CE,225090
2304103,Crateús - CE,952649
2304202,Crato - CE,1871587
2304236,Croatá - CE,224437
2304251,Cruz - CE,372681
2304269,Deputado Irapuan Pinheiro - CE,100883
2304277,Ereré - CE,80690
2304285,Eusébio - CE,3577497
2304301,Farias Brito - CE,202248
2304350,Forquilha - CE,304957
2304400,Fortaleza - CE,73437739
2304459,Fortim - CE,312460
2304509,Frecheirinha - CE,275921
2304608,General Sampaio - CE,86963
2304657,Graça - CE,129711
2304707,Granja - CE,469407
2304806,Granjeiro - CE,51337
2304905,Groaíras - CE,110755
2304954,Guaiúba - CE,231993
2305001,Guaraciaba do Norte - CE,669209
2305100,Guaramiranga - CE,80396
2305209,Hidrolândia - CE,185025
2305233,Horizonte - CE,2116782
2305266,Ibaretama - CE,132265
2305308,Ibiapina - CE,348540
2305332,Ibicuitinga - CE,124951
2305357,Icapuí - CE,411021
2305407,Icó - CE,737489
2305506,Iguatu - CE,1904815
2305605,Independência - CE,306809
2305654,Ipaporanga - CE,114127
2305704,Ipaumirim - CE,143451
2305803,Ipu - CE,519845
2305902,Ipueiras - CE,328115
2306009,Iracema - CE,195282
2306108,Irauçuba - CE,220294
2306207,Itaiçaba - CE,82855
2306256,Itaitinga - CE,1258826
2306306,Itapajé - CE,594581
2306405,Itapipoca - CE,1784007
2306504,Itapiúna - CE,170314
2306553,Itarema - CE,766786
2306603,Itatira - CE,174029
2306702,Jaguaretama - CE,226644
2306801,Jaguaribara - CE,154002
2306900,Jaguaribe - CE,561175
2307007,Jaguaruana - CE,566961
2307106,Jardim - CE,294154
2307205,Jati - CE,129729
2307254,Jijoca de Jericoacoara - CE,551638
2307304,Juazeiro do Norte - CE,5114786
2307403,Jucás - CE,319373
2307502,Lavras da Mangabeira - CE,343304
2307601,Limoeiro do Norte - CE,1423366
2307635,Madalena - CE,174831
2307650,Maracanaú - CE,12336717
2307700,Maranguape - CE,1649528
2307809,Marco - CE,390969
2307908,Martinópole - CE,96327
2308005,Massapê - CE,378718
2308104,Mauriti - CE,517496
2308203,Meruoca - CE,129293
2308302,Milagres - CE,287223
2308351,Milhã - CE,195290
2308377,Miraíma - CE,112599
2308401,Missão Velha - CE,515937
2308500,Mombaça - CE,446847
2308609,Monsenhor Tabosa - CE,160699
2308708,Morada Nova - CE,1276864
2308807,Moraújo - CE,75575
2308906,Morrinhos - CE,193204
2309003,Mucambo - CE,131292
2309102,Mulungu - CE,123801
2309201,Nova Olinda - CE,163381
2309300,Nova Russas - CE,336930
2309409,Novo Oriente - CE,283185
2309458,Ocara - CE,284836
2309508,Orós - CE,218899
2309607,Pacajus - CE,1360535
2309706,Pacatuba - CE,1235176
2309805,Pacoti - CE,148366
2309904,Pacujá - CE,59940
2310001,Palhano - CE,98773
2310100,Palmácia - CE,115124
2310209,Paracuru - CE,555931
2310258,Paraipaba - CE,535129
2310308,Parambu - CE,288689
2310407,Paramoti - CE,110908
2310506,Pedra Branca - CE,389914
2310605,Penaforte - CE,122162
2310704,Pentecoste - CE,484760
2310803,Pereiro - CE,560571
2310852,Pindoretama - CE,274852
2310902,Piquet Carneiro - CE,162092
2310951,Pires Ferreira - CE,84230
2311009,Poranga - CE,109402
2311108,Porteiras - CE,186375
2311207,Potengi - CE,110570
2311231,Potiretama - CE,96816
2311264,Quiterianópolis - CE,184720
2311306,Quixadá - CE,1109869
2311355,Quixelô - CE,198820
2311405,Quixeramobim - CE,1402461
2311504,Quixeré - CE,637015
2311603,Redenção - CE,409867
2311702,Reriutaba - CE,190710
2311801,Russas - CE,1158523
2311900,Saboeiro - CE,169856
2311959,Salitre - CE,159284
2312007,Santana do Acaraú - CE,280072
2312106,Santana do Cariri - CE,159277
2312205,Santa Quitéria - CE,633710
2312304,São Benedito - CE,627180
2312403,São Gonçalo do Amarante - CE,8624987
2312502,São João do Jaguaribe - CE,107898
2312601,São Luís do Curu - CE,133109
2312700,Senador Pompeu - CE,352272
2312809,Senador Sá - CE,62766
2312908,Sobral - CE,5395130
2313005,Solonópole - CE,303284
2313104,Tabuleiro do Norte - CE,450593
2313203,Tamboril - CE,282247
2313252,Tarrafas - CE,85682
2313302,Tauá - CE,711836
2313351,Tejuçuoca - CE,136988
2313401,Tianguá - CE,1732690
2313500,Trairi - CE,1115144
2313559,Tururu - CE,138079
2313609,Ubajara - CE,642046
2313708,Umari - CE,69441
2313757,Umirim - CE,172797
2313807,Uruburetama - CE,299474
2313906,Uruoca - CE,298207
2313955,Varjota - CE,375819
2314003,Várzea Alegre - CE,468101
2314102,Viçosa do Ceará - CE,603321
2400109,Acari - RN,141992
2400208,Assú - RN,1467562
2400307,Afonso Bezerra - RN,138262
2400406,Água Nova - RN,34552
2400505,Alexandria - RN,150789
2400604,Almino Afonso - RN,50061
2400703,Alto do Rodrigues - RN,616322
2400802,Angicos - RN,180163
2400901,Antônio Martins - RN,65525
2401008,Apodi - RN,709586
2401107,Areia Branca - RN,935968
2401206,Arez - RN,386631
2401305,Campo Grande - RN,105354
2401404,Baía Formosa - RN,325030
2401453,Baraúna - RN,746395
2401503,Barcelona - RN,45864
2401602,Bento Fernandes - RN,88429
2401651,Bodó - RN,286574
2401701,Bom Jesus - RN,109336
2401800,Brejinho - RN,139463
2401859,Caiçara do Norte - RN,112176
2401909,Caiçara do Rio do Vento - RN,60456
2402006,Caicó - RN,1394838
2402105,Campo Redondo - RN,106965
2402204,Canguaretama - RN,605673
2402303,Caraúbas - RN,373657
2402402,Carnaúba dos Dantas - RN,118372
2402501,Carnaubais - RN,210948
2402600,Ceará-Mirim - RN,1002193
2402709,Cerro Corá - RN,140410
2402808,Coronel Ezequiel - RN,52506
2402907,Coronel João Pessoa - RN,48166
2403004,Cruzeta - RN,123141
2403103,Currais Novos - RN,804224
2403202,Doutor Severiano - RN,78555
2403251,Parnamirim - RN,6845358
2403301,Encanto - RN,62292
2403400,Equador - RN,81976
2403509,Espírito Santo - RN,97584
2403608,Extremoz - RN,570418
2403707,Felipe Guerra - RN,173825
2403756,Fernando Pedroza - RN,39069
2403806,Florânia - RN,120492
2403905,Francisco Dantas - RN,32758
2404002,Frutuoso Gomes - RN,44911
2404101,Galinhos - RN,162616
2404200,Goianinha - RN,546570
2404309,Governador Dix-Sept Rosado - RN,386259
2404408,Grossos - RN,158308
2404507,Guamaré - RN,2042133
2404606,Ielmo Marinho - RN,140718
2404705,Ipanguaçu - RN,196498
2404804,Ipueira - RN,34929
2404853,Itajá - RN,99444
2404903,Itaú - RN,73781
2405009,Jaçanã - RN,86389
2405108,Jandaíra - RN,101429
2405207,Janduís - RN,84497
2405306,Januário Cicco - RN,84899
2405405,Japi - RN,51547
2405504,Jardim de Angicos - RN,64391
2405603,Jardim de Piranhas - RN,213313
2405702,Jardim do Seridó - RN,207991
2405801,João Câmara - RN,1269833
2405900,João Dias - RN,27991
2406007,José da Penha - RN,67413
2406106,Jucurutu - RN,315838
2406155,Jundiá - RN,42147
2406205,Lagoa d'Anta - RN,70837
2406304,Lagoa de Pedras - RN,81381
2406403,Lagoa de Velhos - RN,38240
2406502,Lagoa Nova - RN,269032
2406601,Lagoa Salgada - RN,94311
2406700,Lajes - RN,165928
2406809,Lajes Pintadas - RN,51593
2406908,Lucrécia - RN,51509
2407005,Luís Gomes - RN,87825
2407104,Macaíba - RN,1828142
2407203,Macau - RN,1111118
2407252,Major Sales - RN,48003
2407302,Marcelino Vieira - RN,82889
2407401,Martins - RN,108194
2407500,Maxaranguape - RN,134892
2407609,Messias Targino - RN,55529
2407708,Montanhas - RN,130282
2407807,Monte Alegre - RN,271451
2407906,Monte das Gameleiras - RN,32366
2408003,Mossoró - RN,8071719
2408102,Natal - RN,24186139
2408201,Nísia Floresta - RN,474716
2408300,Nova Cruz - RN,560495
2408409,Olho d'Água do Borges - RN,47532
2408508,Ouro Branco - RN,61703
2408607,Paraná - RN,43930
2408706,Paraú - RN,55256
2408805,Parazinho - RN,606239
2408904,Parelhas - RN,368924
2408953,Rio do Fogo - RN,185590
2409100,Passa e Fica - RN,152322
2409209,Passagem - RN,46128
2409308,Patu - RN,160912
2409332,Santa Maria - RN,78031
2409407,Pau dos Ferros - RN,709328
2409506,Pedra Grande - RN,293283
2409605,Pedra Preta - RN,36126
2409704,Pedro Avelino - RN,79994
2409803,Pedro Velho - RN,173615
2409902,Pendências - RN,757491
2410009,Pilões - RN,41829
2410108,Poço Branco - RN,131859
2410207,Portalegre - RN,78933
2410256,Porto do Mangue - RN,149471
2410306,Serra Caiada - RN,109306
2410405,Pureza - RN,169428
2410504,Rafael Fernandes - RN,53271
2410603,Rafael Godeiro - RN,43450
2410702,Riacho da Cruz - RN,37507
2410801,Riacho de Santana - RN,43512
2410900,Riachuelo - RN,192156
2411007,Rodolfo Fernandes - RN,59192
2411056,Tibau - RN,115022
2411106,Ruy Barbosa - RN,126772
2411205,Santa Cruz - RN,619036
2411403,Santana do Matos - RN,147037
2411429,Santana do Seridó - RN,36353
2411502,Santo Antônio - RN,302533
2411601,São Bento do Norte - RN,549241
2411700,São Bento do Trairí - RN,45623
2411809,São Fernando - RN,63596
2411908,São Francisco do Oeste - RN,54447
2412005,São Gonçalo do Amarante - RN,1905641
2412104,São João do Sabugi - RN,84585
2412203,São José de Mipibu - RN,1040956
2412302,São José do Campestre - RN,125090
2412401,São José do Seridó - RN,83854
2412500,São Miguel - RN,319740
2412559,São Miguel do Gostoso - RN,492637
2412609,São Paulo do Potengi - RN,231552
2412708,São Pedro - RN,55799
2412807,São Rafael - RN,88674
2412906,São Tomé - RN,111773
2413003,São Vicente - RN,76920
2413102,Senador Elói de Souza - RN,60475
2413201,Senador Georgino Avelino - RN,116486
2413300,Serra de São Bento - RN,57410
2413359,Serra do Mel - RN,858721
2413409,Serra Negra do Norte - RN,118874
2413508,Serrinha - RN,71897
2413557,Serrinha dos Pintos - RN,49786
2413607,Severiano Melo - RN,63098
2413706,Sítio Novo - RN,53783
2413805,Taboleiro Grande - RN,32472
2413904,Taipu - RN,155197
2414001,Tangará - RN,201782
2414100,Tenente Ananias - RN,113586
2414159,Tenente Laurentino Cruz - RN,107284
2414209,Tibau do Sul - RN,415829
2414308,Timbaúba dos Batistas - RN,43617
2414407,Touros - RN,814838
2414456,Triunfo Potiguar - RN,45829
2414506,Umarizal - RN,151205
2414605,Upanema - RN,214152
2414704,Várzea - RN,56555
2414753,Venha-Ver - RN,43202
2414803,Vera Cruz - RN,133469
2414902,Viçosa - RN,23238
2415008,Vila Flor - RN,44403
2500106,Água Branca - PB,92268
2500205,Aguiar - PB,60256
2500304,Alagoa Grande - PB,300766
2500403,Alagoa Nova - PB,335568
2500502,Alagoinha - PB,138844
2500536,Alcantil - PB,55221
2500577,Algodão de Jandaíra - PB,28688
2500601,Alhandra - PB,3391901
2500700,São João do Rio do Peixe - PB,226326
2500734,Amparo - PB,29514
2500775,Aparecida - PB,105562
2500809,Araçagi - PB,186121
2500908,Arara - PB,112505
2501005,Araruna - PB,204618
2501104,Areia - PB,258030
2501153,Areia de Baraúnas - PB,26146
2501203,Areial - PB,62686
2501302,Aroeiras - PB,286086
2501351,Assunção - PB,48605
2501401,Baía da Traição - PB,108130
2501500,Bananeiras - PB,279647
2501534,Baraúna - PB,49872
2501575,Barra de Santana - PB,90980
2501609,Barra de Santa Rosa - PB,151140
2501708,Barra de São Miguel - PB,85061
2501807,Bayeux - PB,1367700
2501906,Belém - PB,217642
2502003,Belém do Brejo do Cruz - PB,78754
2502052,Bernardino Batista - PB,40115
2502102,Boa Ventura - PB,51771
2502151,Boa Vista - PB,203601
2502201,Bom Jesus - PB,32154
2502300,Bom Sucesso - PB,54738
2502409,Bonito de Santa Fé - PB,96760
2502508,Boqueirão - PB,260287
2502607,Igaracy - PB,60877
2502706,Borborema - PB,69315
2502805,Brejo do Cruz - PB,147569
2502904,Brejo dos Santos - PB,64523
2503001,Caaporã - PB,416707
2503100,Cabaceiras - PB,116784
2503209,Cabedelo - PB,3137677
2503308,Cachoeira dos Índios - PB,125141
2503407,Cacimba de Areia - PB,39217
2503506,Cacimba de Dentro - PB,154293
2503555,Cacimbas - PB,67251
2503605,Caiçara - PB,65797
2503704,Cajazeiras - PB,1231837
2503753,Cajazeirinhas - PB,42140
2503803,Caldas Brandão - PB,74927
2503902,Camalaú - PB,71860
2504009,Campina Grande - PB,10349781
2504033,Capim - PB,75876
2504074,Caraúbas - PB,42317
2504108,Carrapateira - PB,31011
2504157,Casserengue - PB,70122
2504207,Catingueira - PB,53095
2504306,Catolé do Rocha - PB,506809
2504355,Caturité - PB,61814
2504405,Conceição - PB,209556
2504504,Condado - PB,90623
2504603,Conde - PB,1274198
2504702,Congo - PB,61917
2504801,Coremas - PB,250138
2504850,Coxixola - PB,24115
2504900,Cruz do Espírito Santo - PB,191764
2505006,Cubati - PB,76970
2505105,Cuité - PB,220943
2505204,Cuitegi - PB,66817
2505238,Cuité de Mamanguape - PB,74254
2505279,Curral de Cima - PB,55714
2505303,Curral Velho - PB,26853
2505352,Damião - PB,50368
2505402,Desterro - PB,72920
2505501,Vista Serrana - PB,39511
2505600,Diamante - PB,59527
2505709,Dona Inês - PB,94022
2505808,Duas Estradas - PB,45155
2505907,Emas - PB,41741
2506004,Esperança - PB,709828
2506103,Fagundes - PB,105579
2506202,Frei Martinho - PB,30352
2506251,Gado Bravo - PB,76350
2506301,Guarabira - PB,1778824
2506400,Gurinhém - PB,151393
2506509,Gurjão - PB,38417
2506608,Ibiara - PB,58012
2506707,Imaculada - PB,98470
2506806,Ingá - PB,195442
2506905,Itabaiana - PB,336826
2507002,Itaporanga - PB,342219
2507101,Itapororoca - PB,206834
2507200,Itatuba - PB,154474
2507309,Jacaraú - PB,165481
2507408,Jericó - PB,76561
2507507,João Pessoa - PB,21865637
2507606,Juarez Távora - PB,73279
2507705,Juazeirinho - PB,210738
2507804,Junco do Seridó - PB,96811
2507903,Juripiranga - PB,117631
2508000,Juru - PB,87525
2508109,Lagoa - PB,51364
2508208,Lagoa de Dentro - PB,83716
2508307,Lagoa Seca - PB,310520
2508406,Lastro - PB,29567
2508505,Livramento - PB,70182
2508554,Logradouro - PB,48759
2508604,Lucena - PB,222862
2508703,Mãe d'Água - PB,38696
2508802,Malta - PB,79951
2508901,Mamanguape - PB,807657
2509008,Manaíra - PB,101623
2509057,Marcação - PB,104110
2509107,Mari - PB,242496
2509156,Marizópolis - PB,82151
2509206,Massaranduba - PB,130597
2509305,Mataraca - PB,229876
2509339,Matinhas - PB,54111
2509370,Mato Grosso - PB,31916
2509396,Maturéia - PB,61962
2509404,Mogeiro - PB,164588
2509503,Montadas - PB,55405
2509602,Monte Horebe - PB,48173
2509701,Monteiro - PB,636488
2509800,Mulungu - PB,98547
2509909,Natuba - PB,95639
2510006,Nazarezinho - PB,66198
2510105,Nova Floresta - PB,99828
2510204,Nova Olinda - PB,57973
2510303,Nova Palmeira - PB,49111
2510402,Olho d'Água - PB,62018
2510501,Olivedos - PB,43664
2510600,Ouro Velho - PB,38371
2510659,Parari - PB,21547
2510709,Passagem - PB,28935
2510808,Patos - PB,1998302
2510907,Paulista - PB,157586
2511004,Pedra Branca - PB,37568
2511103,Pedra Lavrada - PB,80276
2511202,Pedras de Fogo - PB,656966
2511301,Piancó - PB,206946
2511400,Picuí - PB,213731
2511509,Pilar - PB,122047
2511608,Pilões - PB,95609
2511707,Pilõezinhos - PB,51324
2511806,Pirpirituba - PB,95327
2511905,Pitimbu - PB,431304
2512002,Pocinhos - PB,285031
2512036,Poço Dantas - PB,40318
2512077,Poço de José de Moura - PB,46932
2512101,Pombal - PB,466596
2512200,Prata - PB,64814
2512309,Princesa Isabel - PB,266954
2512408,Puxinanã - PB,138075
2512507,Queimadas - PB,607307
2512606,Quixaba - PB,26818
2512705,Remígio - PB,181633
2512721,Pedro Régis - PB,57292
2512747,Riachão - PB,36562
2512754,Riachão do Bacamarte - PB,50199
2512762,Riachão do Poço - PB,56334
2512788,Riacho de Santo Antônio - PB,30616
2512804,Riacho dos Cavalos - PB,92854
2512903,Rio Tinto - PB,323318
2513000,Salgadinho - PB,33513
2513109,Salgado de São Félix - PB,129057
2513158,Santa Cecília - PB,65826
2513208,Santa Cruz - PB,62329
2513307,Santa Helena - PB,62387
2513356,Santa Inês - PB,36845
2513406,Santa Luzia - PB,372903
2513505,Santana de Mangueira - PB,51164
2513604,Santana dos Garrotes - PB,67491
2513653,Joca Claudino - PB,33077
2513703,Santa Rita - PB,2580592
2513802,Santa Teresinha - PB,57292
2513851,Santo André - PB,29441
2513901,São Bento - PB,568731
2513927,São Bentinho - PB,55647
2513943,São Domingos do Cariri - PB,28821
2513968,São Domingos - PB,36270
2513984,São Francisco - PB,39305
2514008,São João do Cariri - PB,55476
2514107,São João do Tigre - PB,41004
2514206,São José da Lagoa Tapada - PB,72192
2514305,São José de Caiana - PB,55708
2514404,São José de Espinharas - PB,55035
2514453,São José dos Ramos - PB,86773
2514503,São José de Piranhas - PB,230936
2514552,São José de Princesa - PB,34093
2514602,São José do Bonfim - PB,32491
2514651,São José do Brejo do Cruz - PB,29166
2514701,São José do Sabugi - PB,125303
2514800,São José dos Cordeiros - PB,37037
2514909,São Mamede - PB,82591
2515005,São Miguel de Taipu - PB,82966
2515104,São Sebastião de Lagoa de Roça - PB,106031
2515203,São Sebastião do Umbuzeiro - PB,40497
2515302,Sapé - PB,677858
2515401,São Vicente do Seridó - PB,90035
2515500,Serra Branca - PB,148076
2515609,Serra da Raiz - PB,37107
2515708,Serra Grande - PB,33251
2515807,Serra Redonda - PB,71258
2515906,Serraria - PB,67798
2515930,Sertãozinho - PB,55027
2515971,Sobrado - PB,113089
2516003,Solânea - PB,353670
2516102,Soledade - PB,253441
2516151,Sossêgo - PB,38789
2516201,Sousa - PB,1320173
2516300,Sumé - PB,201613
2516409,Tacima - PB,91865
2516508,Taperoá - PB,139501
2516607,Tavares - PB,140211
2516706,Teixeira - PB,169461
2516755,Tenório - PB,34675
2516805,Triunfo - PB,87702
2516904,Uiraúna - PB,193071
2517001,Umbuzeiro - PB,91270
2517100,Várzea - PB,37673
2517209,Vieirópolis - PB,52851
2517407,Zabelê - PB,27048
2600054,Abreu e Lima - PE,1724258
2600104,Afogados da Ingazeira - PE,541816
2600203,Afrânio - PE,209815
2600302,Agrestina - PE,352858
2600401,Água Preta - PE,259866
2600500,Águas Belas - PE,401111
2600609,Alagoinha - PE,144945
2600708,Aliança - PE,413314
2600807,Altinho - PE,222589
2600906,Amaraji - PE,294407
2601003,Angelim - PE,142260
2601052,Araçoiaba - PE,161884
2601102,Araripina - PE,1272092
2601201,Arcoverde - PE,1215383
2601300,Barra de Guabiraba - PE,146943
2601409,Barreiros - PE,503988
2601508,Belém de Maria - PE,99499
2601607,Belém do São Francisco - PE,366293
2601706,Belo Jardim - PE,2765036
2601805,Betânia - PE,105307
2601904,Bezerros - PE,962826
2602001,Bodocó - PE,317010
2602100,Bom Conselho - PE,643151
2602209,Bom Jardim - PE,366988
2602308,Bonito - PE,539340
2602407,Brejão - PE,183679
2602506,Brejinho - PE,83879
2602605,Brejo da Madre de Deus - PE,461357
2602704,Buenos Aires - PE,133152
2602803,Buíque - PE,549015
2602902,Cabo de Santo Agostinho - PE,13706389
2603009,Cabrobó - PE,440863
2603108,Cachoeirinha - PE,254369
2603207,Caetés - PE,423727
2603306,Calçado - PE,115299
2603405,Calumbi - PE,50300
2603454,Camaragibe - PE,2229680
2603504,Camocim de São Félix - PE,181161
2603603,Camutanga - PE,285369
2603702,Canhotinho - PE,253171
2603801,Capoeiras - PE,244054
2603900,Carnaíba - PE,193546
2603926,Carnaubeira da Penha - PE,83423
2604007,Carpina - PE,1744915
2604106,Caruaru - PE,8663525
2604155,Casinhas - PE,101521
2604205,Catende - PE,360566
2604304,Cedro - PE,125401
2604403,Chã de Alegria - PE,168758
2604502,Chã Grande - PE,251193
2604601,Condado - PE,250915
2604700,Correntes - PE,192016
2604809,Cortês - PE,121502
2604908,Cumaru - PE,109260
2605004,Cupira - PE,283576
2605103,Custódia - PE,593880
2605152,Dormentes - PE,246023
2605202,Escada - PE,1306431
2605301,Exu - PE,325117
2605400,Feira Nova - PE,247550
2605459,Fernando de Noronha - PE,229561
2605509,Ferreiros - PE,132503
2605608,Flores - PE,192902
2605707,Floresta - PE,445213
2605806,Frei Miguelinho - PE,131441
2605905,Gameleira - PE,274258
2606002,Garanhuns - PE,3077112
2606101,Glória do Goitá - PE,554616
2606200,Goiana - PE,10662964
2606309,Granito - PE,78432
2606408,Gravatá - PE,1359681
2606507,Iati - PE,195800
2606606,Ibimirim - PE,330119
2606705,Ibirajuba - PE,85527
2606804,Igarassu - PE,3471427
2606903,Iguaracy - PE,112369
2607000,Inajá - PE,196880
2607109,Ingazeira - PE,50497
2607208,Ipojuca - PE,14929346
2607307,Ipubi - PE,340374
2607406,Itacuruba - PE,71286
2607505,Itaíba - PE,283413
2607604,Ilha de Itamaracá - PE,299232
2607653,Itambé - PE,522657
2607703,Itapetim - PE,139873
2607752,Itapissuma - PE,2383641
2607802,Itaquitinga - PE,160857
2607901,Jaboatão dos Guararapes - PE,16133556
2607950,Jaqueira - PE,111801
2608008,Jataúba - PE,154862
2608057,Jatobá - PE,153793
2608107,João Alfredo - PE,316644
2608206,Joaquim Nabuco - PE,181310
2608255,Jucati - PE,129270
2608305,Jupi - PE,214224
2608404,Jurema - PE,132840
2608453,Lagoa do Carro - PE,300635
2608503,Lagoa de Itaenga - PE,482859
2608602,Lagoa do Ouro - PE,139223
2608701,Lagoa dos Gatos - PE,135443
2608750,Lagoa Grande - PE,456844
2608800,Lajedo - PE,585576
2608909,Limoeiro - PE,838343
2609006,Macaparana - PE,283578
2609105,Machados - PE,216295
2609154,Manari - PE,139153
2609204,Maraial - PE,92490
2609303,Mirandiba - PE,163406
2609402,Moreno - PE,892506
2609501,Nazaré da Mata - PE,688468
2609600,Olinda - PE,5788250
2609709,Orobó - PE,398794
2609808,Orocó - PE,186448
2609907,Ouricuri - PE,780513
2610004,Palmares - PE,924146
2610103,Palmeirina - PE,79959
2610202,Panelas - PE,229556
2610301,Paranatama - PE,285773
2610400,Parnamirim - PE,213190
2610509,Passira - PE,264547
2610608,Paudalho - PE,926328
2610707,Paulista - PE,5591652
2610806,Pedra - PE,306398
2610905,Pesqueira - PE,869651
2611002,Petrolândia - PE,1675876
2611101,Petrolina - PE,7994040
2611200,Poção - PE,102107
2611309,Pombos - PE,532583
2611408,Primavera - PE,291696
2611507,Quipapá - PE,192325
2611533,Quixaba - PE,67064
2611606,Recife - PE,54970302
2611705,Riacho das Almas - PE,260563
2611804,Ribeirão - PE,576407
2611903,Rio Formoso - PE,379871
2612000,Sairé - PE,176225
2612109,Salgadinho - PE,80938
2612208,Salgueiro - PE,1002105
2612307,Saloá - PE,171051
2612406,Sanharó - PE,248264
2612455,Santa Cruz - PE,133592
2612471,Santa Cruz da Baixa Verde - PE,113554
2612505,Santa Cruz do Capibaribe - PE,1925734
2612554,Santa Filomena - PE,111830
2612604,Santa Maria da Boa Vista - PE,564000
2612703,Santa Maria do Cambucá - PE,122262
2612802,Santa Terezinha - PE,114824
2612901,São Benedito do Sul - PE,117017
2613008,São Bento do Una - PE,1485706
2613107,São Caitano - PE,447679
2613206,São João - PE,390211
2613305,São Joaquim do Monte - PE,185467
2613404,São José da Coroa Grande - PE,291007
2613503,São José do Belmonte - PE,341544
2613602,São José do Egito - PE,441117
2613701,São Lourenço da Mata - PE,1444200
2613800,São Vicente Férrer - PE,209528
2613909,Serra Talhada - PE,1693347
2614006,Serrita - PE,161153
2614105,Sertânia - PE,367389
2614204,Sirinhaém - PE,722495
2614303,Moreilândia - PE,90987
2614402,Solidão - PE,56661
2614501,Surubim - PE,915558
2614600,Tabira - PE,314903
2614709,Tacaimbó - PE,149159
2614808,Tacaratu - PE,251978
2614857,Tamandaré - PE,395834
2615003,Taquaritinga do Norte - PE,334642
2615102,Terezinha - PE,75618
2615201,Terra Nova - PE,95262
2615300,Timbaúba - PE,746607
2615409,Toritama - PE,764572
2615508,Tracunhaém - PE,176619
2615607,Trindade - PE,419024
2615706,Triunfo - PE,157358
2615805,Tupanatinga - PE,227130
2615904,Tuparetama - PE,89139
2616001,Venturosa - PE,247349
2616100,Verdejante - PE,80931
2616183,Vertente do Lério - PE,74060
2616209,Vertentes - PE,194511
2616308,Vicência - PE,519426
2616407,Vitória de Santo Antão - PE,4551843
2616506,Xexéu - PE,141411
2700102,Água Branca - AL,202705
2700201,Anadia - AL,250500
2700300,Arapiraca - AL,5916238
2700409,Atalaia - AL,1500460
2700508,Barra de Santo Antônio - AL,262047
2700607,Barra de São Miguel - AL,238456
2700706,Batalha - AL,229982
2700805,Belém - AL,191336
2700904,Belo Monte - AL,151407
2701001,Boca da Mata - AL,506081
2701100,Branquinha - AL,775435
2701209,Cacimbinhas - AL,140487
2701308,Cajueiro - AL,207919
2701357,Campestre - AL,87777
2701407,Campo Alegre - AL,734766
2701506,Campo Grande - AL,106142
2701605,Canapi - AL,166521
2701704,Capela - AL,248032
2701803,Carneiros - AL,90803
2701902,Chã Preta - AL,175489
2702009,Coité do Nóia - AL,211514
2702108,Colônia Leopoldina - AL,397415
2702207,Coqueiro Seco - AL,96056
2702306,Coruripe - AL,1782568
2702355,Craíbas - AL,480753
2702405,Delmiro Gouveia - AL,673915
2702504,Dois Riachos - AL,105272
2702553,Estrela de Alagoas - AL,154359
2702603,Feira Grande - AL,427598
2702702,Feliz Deserto - AL,164034
2702801,Flexeiras - AL,297791
2702900,Girau do Ponciano - AL,549600
2703007,Ibateguara - AL,196489
2703106,Igaci - AL,311967
2703205,Igreja Nova - AL,571877
2703304,Inhapi - AL,174776
2703403,Jacaré dos Homens - AL,74960
2703502,Jacuípe - AL,194531
2703601,Japaratinga - AL,252002
2703700,Jaramataia - AL,77897
2703759,Jequiá da Praia - AL,382025
2703809,Joaquim Gomes - AL,520994
2703908,Jundiá - AL,54801
2704005,Junqueiro - AL,550087
2704104,Lagoa da Canoa - AL,273062
2704203,Limoeiro de Anadia - AL,685194
2704302,Maceió - AL,27485311
2704401,Major Isidoro - AL,283475
2704500,Maragogi - AL,1118908
2704609,Maravilha - AL,90758
2704708,Marechal Deodoro - AL,3409648
2704807,Maribondo - AL,188010
2704906,Mar Vermelho - AL,50951
2705002,Mata Grande - AL,354641
2705101,Matriz de Camaragibe - AL,385920
2705200,Messias - AL,221131
2705309,Minador do Negrão - AL,74515
2705408,Monteirópolis - AL,78347
2705507,Murici - AL,588158
2705606,Novo Lino - AL,187256
2705705,Olho d'Água das Flores - AL,271809
2705804,Olho d'Água do Casado - AL,92959
2705903,Olho d'Água Grande - AL,70179
2706000,Olivença - AL,108872
2706109,Ouro Branco - AL,110475
2706208,Palestina - AL,45927
2706307,Palmeira dos Índios - AL,1181612
2706406,Pão de Açúcar - AL,266647
2706422,Pariconha - AL,145004
2706448,Paripueira - AL,236831
2706505,Passo de Camaragibe - AL,337360
2706604,Paulo Jacinto - AL,105576
2706703,Penedo - AL,983959
2706802,Piaçabuçu - AL,458416
2706901,Pilar - AL,676236
2707008,Pindoba - AL,59445
2707107,Piranhas - AL,344069
2707206,Poço das Trincheiras - AL,125628
2707305,Porto Calvo - AL,412903
2707404,Porto de Pedras - AL,333231
2707503,Porto Real do Colégio - AL,268907
2707602,Quebrangulo - AL,189081
2707701,Rio Largo - AL,1423072
2707800,Roteiro - AL,204149
2707909,Santa Luzia do Norte - AL,277405
2708006,Santana do Ipanema - AL,646336
2708105,Santana do Mundaú - AL,1408592
2708204,São Brás - AL,129340
2708303,São José da Laje - AL,588009
2708402,São José da Tapera - AL,332854
2708501,São Luís do Quitunde - AL,943729
2708600,São Miguel dos Campos - AL,1373077
2708709,São Miguel dos Milagres - AL,243495
2708808,São Sebastião - AL,858876
2708907,Satuba - AL,261004
2708956,Senador Rui Palmeira - AL,121201
2709004,Tanque d'Arca - AL,92175
2709103,Taquarana - AL,510846
2709152,Teotônio Vilela - AL,1357798
2709202,Traipu - AL,297000
2709301,União dos Palmares - AL,1416193
2709400,Viçosa - AL,594195
2800100,Amparo do São Francisco - SE,37967
2800209,Aquidabã - SE,287874
2800308,Aracaju - SE,18405678
2800407,Arauá - SE,140122
2800506,Areia Branca - SE,252263
2800605,Barra dos Coqueiros - SE,2581592
2800670,Boquim - SE,333080
2800704,Brejo Grande - SE,95886
2801009,Campo do Brito - SE,237677
2801108,Canhoba - SE,84436
2801207,Canindé de São Francisco - SE,2895222
2801306,Capela - SE,385290
2801405,Carira - SE,379818
2801504,Carmópolis - SE,422601
2801603,Cedro de São João - SE,64293
2801702,Cristinápolis - SE,250777
2801900,Cumbe - SE,69489
2802007,Divina Pastora - SE,188619
2802106,Estância - SE,2126563
2802205,Feira Nova - SE,114918
2802304,Frei Paulo - SE,324741
2802403,Gararu - SE,179511
2802502,General Maynard - SE,43532
2802601,Graccho Cardoso - SE,100982
2802700,Ilha das Flores - SE,101815
2802809,Indiaroba - SE,229670
2802908,Itabaiana - SE,2213275
2803005,Itabaianinha - SE,535797
2803104,Itabi - SE,81127
2803203,Itaporanga d'Ajuda - SE,880245
2803302,Japaratuba - SE,527939
2803401,Japoatã - SE,210654
2803500,Lagarto - SE,1798319
2803609,Laranjeiras - SE,1162007
2803708,Macambira - SE,89535
2803807,Malhada dos Bois - SE,52760
2803906,Malhador - SE,173218
2804003,Maruim - SE,448414
2804102,Moita Bonita - SE,206468
2804201,Monte Alegre de Sergipe - SE,218953
2804300,Muribeca - SE,96660
2804409,Neópolis - SE,330966
2804458,Nossa Senhora Aparecida - SE,109900
2804508,Nossa Senhora da Glória - SE,790790
2804607,Nossa Senhora das Dores - SE,415736
2804706,Nossa Senhora de Lourdes - SE,91165
2804805,Nossa Senhora do Socorro - SE,3232698
2804904,Pacatuba - SE,236643
2805000,Pedra Mole - SE,48012
2805109,Pedrinhas - SE,98936
2805208,Pinhão - SE,91574
2805307,Pirambu - SE,137922
2805406,Poço Redondo - SE,416245
2805505,Poço Verde - SE,322302
2805604,Porto da Folha - SE,366553
2805703,Propriá - SE,554299
2805802,Riachão do Dantas - SE,328904
2805901,Riachuelo - SE,222401
2806008,Ribeirópolis - SE,339443
2806107,Rosário do Catete - SE,468956
2806206,Salgado - SE,217519
2806305,Santa Luzia do Itanhy - SE,192690
2806404,Santana do São Francisco - SE,106773
2806503,Santa Rosa de Lima - SE,55084
2806602,Santo Amaro das Brotas - SE,167665
2806701,São Cristóvão - SE,1031740
2806800,São Domingos - SE,135227
2806909,São Francisco - SE,56034
2807006,São Miguel do Aleixo - SE,49842
2807105,Simão Dias - SE,790408
2807204,Siriri - SE,176736
2807303,Telha - SE,44121
2807402,Tobias Barreto - SE,655791
2807501,Tomar do Geru - SE,146965
2807600,Umbaúba - SE,401569
2900108,Abaíra - BA,70037
2900207,Abaré - BA,208481
2900306,Acajutiba - BA,144341
2900355,Adustina - BA,240507
2900405,Água Fria - BA,158357
2900504,Érico Cardoso - BA,77947
2900603,Aiquara - BA,53699
2900702,Alagoinhas - BA,4533420
2900801,Alcobaça - BA,347521
2900900,Almadina - BA,62839
2901007,Amargosa - BA,463246
2901106,Amélia Rodrigues - BA,437827
2901155,América Dourada - BA,167876
2901205,Anagé - BA,224788
2901304,Andaraí - BA,134354
2901353,Andorinha - BA,223255
2901403,Angical - BA,190379
2901502,Anguera - BA,78771
2901601,Antas - BA,160611
2901700,Antônio Cardoso - BA,124246
2901809,Antônio Gonçalves - BA,82589
2901908,Aporá - BA,148460
2901957,Apuarema - BA,74216
2902005,Aracatu - BA,145622
2902054,Araçás - BA,298903
2902104,Araci - BA,490958
2902203,Aramari - BA,103680
2902252,Arataca - BA,101344
2902302,Aratuípe - BA,79992
2902401,Aurelino Leal - BA,136886
2902500,Baianópolis - BA,263675
2902609,Baixa Grande - BA,194474
2902658,Banzaê - BA,113493
2902708,Barra - BA,430282
2902807,Barra da Estiva - BA,376926
2902906,Barra do Choça - BA,573207
2903003,Barra do Mendes - BA,115644
2903102,Barra do Rocha - BA,77839
2903201,Barreiras - BA,7007583
2903235,Barro Alto - BA,112747
2903276,Barrocas - BA,345869
2903300,Barro Preto - BA,79870
2903409,Belmonte - BA,373616
2903508,Belo Campo - BA,169334
2903607,Biritinga - BA,145254
2903706,Boa Nova - BA,111525
2903805,Boa Vista do Tupim - BA,155182
2903904,Bom Jesus da Lapa - BA,1357111
2903953,Bom Jesus da Serra - BA,69906
2904001,Boninal - BA,117753
2904050,Bonito - BA,270624
2904100,Boquira - BA,188737
2904209,Botuporã - BA,109884
2904308,Brejões - BA,144196
2904407,Brejolândia - BA,126161
2904506,Brotas de Macaúbas - BA,96352
2904605,Brumado - BA,1781802
2904704,Buerarema - BA,209117
2904753,Buritirama - BA,154805
2904803,Caatiba - BA,77336
2904852,Cabaceiras do Paraguaçu - BA,141050
2904902,Cachoeira - BA,479138
2905008,Caculé - BA,363603
2905107,Caém - BA,92224
2905156,Caetanos - BA,102468
2905206,Caetité - BA,1098344
2905305,Cafarnaum - BA,217329
2905404,Cairu - BA,1508842
2905503,Caldeirão Grande - BA,101885
2905602,Camacan - BA,354111
2905701,Camaçari - BA,33990890
2905800,Camamu - BA,468117
2905909,Campo Alegre de Lourdes - BA,295119
2906006,Campo Formoso - BA,2072121
2906105,Canápolis - BA,84823
2906204,Canarana - BA,258494
2906303,Canavieiras - BA,394907
2906402,Candeal - BA,67739
2906501,Candeias - BA,6824935
2906600,Candiba - BA,140513
2906709,Cândido Sales - BA,244448
2906808,Cansanção - BA,352265
2906824,Canudos - BA,152935
2906857,Capela do Alto Alegre - BA,129342
2906873,Capim Grosso - BA,579390
2906899,Caraíbas - BA,86125
2906907,Caravelas - BA,357855
2907004,Cardeal da Silva - BA,117844
2907103,Carinhanha - BA,288403
2907202,Casa Nova - BA,874879
2907301,Castro Alves - BA,316840
2907400,Catolândia - BA,80904
2907509,Catu - BA,695021
2907558,Caturama - BA,78181
2907608,Central - BA,154454
2907707,Chorrochó - BA,105377
2907806,Cícero Dantas - BA,399480
2907905,Cipó - BA,155100
2908002,Coaraci - BA,190857
2908101,Cocos - BA,559255
2908200,Conceição da Feira - BA,375845
2908309,Conceição do Almeida - BA,200105
2908408,Conceição do Coité - BA,883550
2908507,Conceição do Jacuípe - BA,2761495
2908606,Conde - BA,288432
2908705,Condeúba - BA,170758
2908804,Contendas do Sincorá - BA,50705
2908903,Coração de Maria - BA,225909
2909000,Cordeiros - BA,70616
2909109,Coribe - BA,168999
2909208,Coronel João Sá - BA,175063
2909307,Correntina - BA,3280617
2909406,Cotegipe - BA,171261
2909505,Cravolândia - BA,45856
2909604,Crisópolis - BA,205809
2909703,Cristópolis - BA,157829
2909802,Cruz das Almas - BA,1041984
2909901,Curaçá - BA,354901
2910008,Dário Meira - BA,126035
2910057,Dias d'Ávila - BA,3052173
2910107,Dom Basílio - BA,142114
2910206,Dom Macedo Costa - BA,43268
2910305,Elísio Medrado - BA,76577
2910404,Encruzilhada - BA,255982
2910503,Entre Rios - BA,680875
2910602,Esplanada - BA,731443
2910701,Euclides da Cunha - BA,794576
2910727,Eunápolis - BA,3204764
2910750,Fátima - BA,279797
2910776,Feira da Mata - BA,63006
2910800,Feira de Santana - BA,17287746
2910859,Filadélfia - BA,139019
2910909,Firmino Alves - BA,70961
2911006,Floresta Azul - BA,101470
2911105,Formosa do Rio Preto - BA,4609105
2911204,Gandu - BA,460710
2911253,Gavião - BA,49892
2911303,Gentio do Ouro - BA,133421
2911402,Glória - BA,254116
2911501,Gongogi - BA,76384
2911600,Governador Mangabeira - BA,221824
2911659,Guajeru - BA,68553
2911709,Guanambi - BA,1652174
2911808,Guaratinga - BA,279298
2911857,Heliópolis - BA,140497
2911907,Iaçu - BA,236733
2912004,Ibiassucê - BA,98696
2912103,Ibicaraí - BA,206488
2912202,Ibicoara - BA,442996
2912301,Ibicuí - BA,196041
2912400,Ibipeba - BA,177643
2912509,Ibipitanga - BA,117147
2912608,Ibiquera - BA,37302
2912707,Ibirapitanga - BA,285725
2912806,Ibirapuã - BA,450754
2912905,Ibirataia - BA,206991
2913002,Ibitiara - BA,113539
2913101,Ibititá - BA,155356
2913200,Ibotirama - BA,415176
2913309,Ichu - BA,56326
2913408,Igaporã - BA,198181
2913457,Igrapiúna - BA,211118
2913507,Iguaí - BA,246107
2913606,Ilhéus - BA,5165434
2913705,Inhambupe - BA,625516
2913804,Ipecaetá - BA,105039
2913903,Ipiaú - BA,567652
2914000,Ipirá - BA,664074
2914109,Ipupiara - BA,100298
2914208,Irajuba - BA,77968
2914307,Iramaia - BA,102575
2914406,Iraquara - BA,897724
2914505,Irará - BA,285797
2914604,Irecê - BA,1531592
2914653,Itabela - BA,513989
2914703,Itaberaba - BA,995761
2914802,Itabuna - BA,4200887
2914901,Itacaré - BA,427090
2915007,Itaeté - BA,126615
2915106,Itagi - BA,128429
2915205,Itagibá - BA,1102618
2915304,Itagimirim - BA,127478
2915353,Itaguaçu da Bahia - BA,152646
2915403,Itaju do Colônia - BA,89468
2915502,Itajuípe - BA,255369
2915601,Itamaraju - BA,1109786
2915700,Itamari - BA,103343
2915809,Itambé - BA,294534
2915908,Itanagra - BA,81829
2916005,Itanhém - BA,293429
2916104,Itaparica - BA,246765
2916203,Itapé - BA,106333
2916302,Itapebi - BA,335601
2916401,Itapetinga - BA,1466169
2916500,Itapicuru - BA,438660
2916609,Itapitanga - BA,94612
2916708,Itaquara - BA,100679
2916807,Itarantim - BA,330772
2916856,Itatim - BA,430369
2916906,Itiruçu - BA,120556
2917003,Itiúba - BA,351480
2917102,Itororó - BA,250715
2917201,Ituaçu - BA,256554
2917300,Ituberá - BA,367367
2917334,Iuiu - BA,133299
2917359,Jaborandi - BA,1344176
2917409,Jacaraci - BA,122734
2917508,Jacobina - BA,1866382
2917607,Jaguaquara - BA,677732
2917706,Jaguarari - BA,1197315
2917805,Jaguaripe - BA,206796
2917904,Jandaíra - BA,168106
2918001,Jequié - BA,3175607
2918100,Jeremoabo - BA,501169
2918209,Jiquiriçá - BA,150225
2918308,Jitaúna - BA,175501
2918357,João Dourado - BA,296792
2918407,Juazeiro - BA,5182686
2918456,Jucuruçu - BA,127605
2918506,Jussara - BA,113552
2918555,Jussari - BA,71426
2918605,Jussiape - BA,68637
2918704,Lafaiete Coutinho - BA,55228
2918753,Lagoa Real - BA,119480
2918803,Laje - BA,292274
2918902,Lajedão - BA,112925
2919009,Lajedinho - BA,60929
2919058,Lajedo do Tabocal - BA,78267
2919108,Lamarão - BA,64992
2919157,Lapão - BA,302184
2919207,Lauro de Freitas - BA,7322788
2919306,Lençóis - BA,170248
2919405,Licínio de Almeida - BA,157145
2919504,Livramento de Nossa Senhora - BA,574693
2919553,Luís Eduardo Magalhães - BA,8833179
2919603,Macajuba - BA,90666
2919702,Macarani - BA,226872
2919801,Macaúbas - BA,430548
2919900,Macururé - BA,67455
2919926,Madre de Deus - BA,515753
2919959,Maetinga - BA,50031
2920007,Maiquinique - BA,204964
2920106,Mairi - BA,158649
2920205,Malhada - BA,187955
2920304,Malhada de Pedras - BA,80501
2920403,Manoel Vitorino - BA,139733
2920452,Mansidão - BA,93635
2920502,Maracás - BA,655865
2920601,Maragogipe - BA,402216
2920700,Maraú - BA,343435
2920809,Marcionílio Souza - BA,94273
2920908,Mascote - BA,161322
2921005,Mata de São João - BA,1307567
2921054,Matina - BA,91646
2921104,Medeiros Neto - BA,514264
2921203,Miguel Calmon - BA,272751
2921302,Milagres - BA,144021
2921401,Mirangaba - BA,141314
2921450,Mirante - BA,78529
2921500,Monte Santo - BA,459587
2921609,Morpará - BA,78576
2921708,Morro do Chapéu - BA,626444
2921807,Mortugaba - BA,106587
2921906,Mucugê - BA,774984
2922003,Mucuri - BA,2213929
2922052,Mulungu do Morro - BA,212754
2922102,Mundo Novo - BA,198985
2922201,Muniz Ferreira - BA,66760
2922250,Muquém do São Francisco - BA,210272
2922300,Muritiba - BA,276522
2922409,Mutuípe - BA,470758
2922508,Nazaré - BA,330399
2922607,Nilo Peçanha - BA,185842
2922656,Nordestina - BA,160704
2922706,Nova Canaã - BA,174011
2922730,Nova Fátima - BA,95116
2922755,Nova Ibiá - BA,101835
2922805,Nova Itarana - BA,73231
2922854,Nova Redenção - BA,75482
2922904,Nova Soure - BA,271385
2923001,Nova Viçosa - BA,575879
2923035,Novo Horizonte - BA,105117
2923050,Novo Triunfo - BA,103840
2923100,Olindina - BA,241905
2923209,Oliveira dos Brejinhos - BA,291778
2923308,Ouriçangas - BA,80572
2923357,Ourolândia - BA,279796
2923407,Palmas de Monte Alto - BA,237973
2923506,Palmeiras - BA,107772
2923605,Paramirim - BA,270522
2923704,Paratinga - BA,260302
2923803,Paripiranga - BA,454229
2923902,Pau Brasil - BA,105694
2924009,Paulo Afonso - BA,3964729
2924058,Pé de Serra - BA,131268
2924108,Pedrão - BA,52230
2924207,Pedro Alexandre - BA,119243
2924306,Piatã - BA,242589
2924405,Pilão Arcado - BA,291131
2924504,Pindaí - BA,296449
2924603,Pindobaçu - BA,156836
2924652,Pintadas - BA,109216
2924678,Piraí do Norte - BA,116891
2924702,Piripá - BA,79283
2924801,Piritiba - BA,187717
2924900,Planaltino - BA,79136
2925006,Planalto - BA,309692
2925105,Poções - BA,572944
2925204,Pojuca - BA,1843255
2925253,Ponto Novo - BA,142450
2925303,Porto Seguro - BA,3775003
2925402,Potiraguá - BA,114890
2925501,Prado - BA,625403
2925600,Presidente Dutra - BA,132058
2925709,Presidente Jânio Quadros - BA,100235
2925758,Presidente Tancredo Neves - BA,337994
2925808,Queimadas - BA,257595
2925907,Quijingue - BA,227708
2925931,Quixabeira - BA,76980
2925956,Rafael Jambeiro - BA,396593
2926004,Remanso - BA,486107
2926103,Retirolândia - BA,149704
2926202,Riachão das Neves - BA,1539859
2926301,Riachão do Jacuípe - BA,409527
2926400,Riacho de Santana - BA,317645
2926509,Ribeira do Amparo - BA,192311
2926608,Ribeira do Pombal - BA,715512
2926657,Ribeirão do Largo - BA,110954
2926707,Rio de Contas - BA,155831
2926806,Rio do Antônio - BA,115515
2926905,Rio do Pires - BA,100333
2927002,Rio Real - BA,1030915
2927101,Rodelas - BA,143383
2927200,Ruy Barbosa - BA,392238
2927309,Salinas da Margarida - BA,201345
2927408,Salvador - BA,62981326
2927507,Santa Bárbara - BA,180434
2927606,Santa Brígida - BA,119246
2927705,Santa Cruz Cabrália - BA,549713
2927804,Santa Cruz da Vitória - BA,71169
2927903,Santa Inês - BA,76085
2928000,Santaluz - BA,521838
2928059,Santa Luzia - BA,124187
2928109,Santa Maria da Vitória - BA,600085
2928208,Santana - BA,343471
2928307,Santanópolis - BA,68800
2928406,Santa Rita de Cássia - BA,285736
2928505,Santa Terezinha - BA,101309
2928604,Santo Amaro - BA,1137499
2928703,Santo Antônio de Jesus - BA,2449482
2928802,Santo Estêvão - BA,913473
2928901,São Desidério - BA,5846224
2928950,São Domingos - BA,88333
2929008,São Félix - BA,172669
2929057,São Félix do Coribe - BA,238009
2929107,São Felipe - BA,211989
2929206,São Francisco do Conde - BA,13095067
2929255,São Gabriel - BA,152707
2929305,São Gonçalo dos Campos - BA,1156472
2929354,São José da Vitória - BA,67107
2929370,São José do Jacuípe - BA,126577
2929404,São Miguel das Matas - BA,176578
2929503,São Sebastião do Passé - BA,849766
2929602,Sapeaçu - BA,213065
2929701,Sátiro Dias - BA,257706
2929750,Saubara - BA,146219
2929800,Saúde - BA,102999
2929909,Seabra - BA,625080
2930006,Sebastião Laranjeiras - BA,107168
2930105,Senhor do Bonfim - BA,997788
2930154,Serra do Ramalho - BA,411279
2930204,Sento Sé - BA,1714711
2930303,Serra Dourada - BA,199802
2930402,Serra Preta - BA,138171
2930501,Serrinha - BA,1085465
2930600,Serrolândia - BA,118127
2930709,Simões Filho - BA,6340237
2930758,Sítio do Mato - BA,119916
2930766,Sítio do Quinto - BA,103227
2930774,Sobradinho - BA,842992
2930808,Souto Soares - BA,135851
2930907,Tabocas do Brejo Velho - BA,268071
2931004,Tanhaçu - BA,252999
2931053,Tanque Novo - BA,182572
2931103,Tanquinho - BA,66752
2931202,Taperoá - BA,221530
2931301,Tapiramutá - BA,148710
2931350,Teixeira de Freitas - BA,2875560
2931400,Teodoro Sampaio - BA,177343
2931509,Teofilândia - BA,191244
2931608,Teolândia - BA,216597
2931707,Terra Nova - BA,170369
2931806,Tremedal - BA,133571
2931905,Tucano - BA,544589
2932002,Uauá - BA,234752
2932101,Ubaíra - BA,228976
2932200,Ubaitaba - BA,244475
2932309,Ubatã - BA,223669
2932408,Uibaí - BA,175916
2932457,Umburanas - BA,263228
2932507,Una - BA,333870
2932606,Urandi - BA,199656
2932705,Uruçuca - BA,296011
2932804,Utinga - BA,185676
2932903,Valença - BA,1740629
2933000,Valente - BA,268418
2933059,Várzea da Roça - BA,111965
2933109,Várzea do Poço - BA,116185
2933158,Várzea Nova - BA,231719
2933174,Varzedo - BA,135059
2933208,Vera Cruz - BA,601816
2933257,Vereda - BA,92690
2933307,Vitória da Conquista - BA,8218063
2933406,Wagner - BA,89462
2933455,Wanderley - BA,167534
2933505,Wenceslau Guimarães - BA,331451
2933604,Xique-Xique - BA,460817
3100104,Abadia dos Dourados - MG,176730
3100203,Abaeté - MG,541136
3100302,Abre Campo - MG,262668
3100401,Acaiaca - MG,64892
3100500,Açucena - MG,165796
3100609,Água Boa - MG,192065
3100708,Água Comprida - MG,230005
3100807,Aguanil - MG,94598
3100906,Águas Formosas - MG,287546
3101003,Águas Vermelhas - MG,236694
3101102,Aimorés - MG,637983
3101201,Aiuruoca - MG,128546
3101300,Alagoa - MG,47699
3101409,Albertina - MG,153935
3101508,Além Paraíba - MG,971558
3101607,Alfenas - MG,3486907
3101631,Alfredo Vasconcelos - MG,150571
3101706,Almenara - MG,674815
3101805,Alpercata - MG,94682
3101904,Alpinópolis - MG,524182
3102001,Alterosa - MG,296492
3102050,Alto Caparaó - MG,97092
3102100,Alto Rio Doce - MG,180095
3102209,Alvarenga - MG,54645
3102308,Alvinópolis - MG,340110
3102407,Alvorada de Minas - MG,64841
3102506,Amparo do Serra - MG,55910
3102605,Andradas - MG,1183259
3102704,Cachoeira de Pajeú - MG,125620
3102803,Andrelândia - MG,292394
3102852,Angelândia - MG,144549
3102902,Antônio Carlos - MG,242348
3103009,Antônio Dias - MG,894601
3103108,Antônio Prado de Minas - MG,28556
3103207,Araçaí - MG,60662
3103306,Aracitaba - MG,31371
3103405,Araçuaí - MG,519974
3103504,Araguari - MG,5836329
3103603,Arantina - MG,88536
3103702,Araponga - MG,122267
3103751,Araporã - MG,1294624
3103801,Arapuá - MG,172745
3103900,Araújos - MG,474404
3104007,Araxá - MG,8950200
3104106,Arceburgo - MG,346405
3104205,Arcos - MG,2345874
3104304,Areado - MG,309330
3104403,Argirita - MG,40067
3104452,Aricanduva - MG,67088
3104502,Arinos - MG,318815
3104601,Astolfo Dutra - MG,291866
3104700,Ataléia - MG,198960
3104809,Augusto de Lima - MG,89054
3104908,Baependi - MG,380866
3105004,Baldim - MG,201272
3105103,Bambuí - MG,779906
3105202,Bandeira - MG,59093
3105301,Bandeira do Sul - MG,86572
3105400,Barão de Cocais - MG,2438852
3105509,Barão do Monte Alto - MG,63071
3105608,Barbacena - MG,3521229
3105707,Barra Longa - MG,81928
3105905,Barroso - MG,608480
3106002,Bela Vista de Minas - MG,568234
3106101,Belmiro Braga - MG,61557
3106200,Belo Horizonte - MG,105920859
3106309,Belo Oriente - MG,2089750
3106408,Belo Vale - MG,279868
3106507,Berilo - MG,112833
3106606,Bertópolis - MG,53770
3106655,Berizal - MG,61006
3106705,Betim - MG,33125378
3106804,Bias Fortes - MG,41583
3106903,Bicas - MG,277715
3107000,Biquinhas - MG,64473
3107109,Boa Esperança - MG,1058480
3107208,Bocaina de Minas - MG,80211
3107307,Bocaiúva - MG,1224914
3107406,Bom Despacho - MG,1814550
3107505,Bom Jardim de Minas - MG,127743
3107604,Bom Jesus da Penha - MG,196074
3107703,Bom Jesus do Amparo - MG,160390
3107802,Bom Jesus do Galho - MG,171084
3107901,Bom Repouso - MG,160232
3108008,Bom Sucesso - MG,445214
3108107,Bonfim - MG,135422
3108206,Bonfinópolis de Minas - MG,458898
3108255,Bonito de Minas - MG,101045
3108305,Borda da Mata - MG,374716
3108404,Botelhos - MG,325978
3108503,Botumirim - MG,75744
3108552,Brasilândia de Minas - MG,415061
3108602,Brasília de Minas - MG,377410
3108701,Brás Pires - MG,50032
3108800,Braúnas - MG,213072
3108909,Brazópolis - MG,198123
3109006,Brumadinho - MG,4624729
3109105,Bueno Brandão - MG,240684
3109204,Buenópolis - MG,180714
3109253,Bugre - MG,47548
3109303,Buritis - MG,1163750
3109402,Buritizeiro - MG,735994
3109451,Cabeceira Grande - MG,477332
3109501,Cabo Verde - MG,290817
3109600,Cachoeira da Prata - MG,51886
3109709,Cachoeira de Minas - MG,536512
3109808,Cachoeira Dourada - MG,131487
3109907,Caetanópolis - MG,315208
3110004,Caeté - MG,1074947
3110103,Caiana - MG,88661
3110202,Cajuri - MG,97287
3110301,Caldas - MG,337630
3110400,Camacho - MG,70858
3110509,Camanducaia - MG,987747
3110608,Cambuí - MG,1864549
3110707,Cambuquira - MG,370830
3110806,Campanário - MG,53458
3110905,Campanha - MG,439921
3111002,Campestre - MG,486410
3111101,Campina Verde - MG,536761
3111150,Campo Azul - MG,40651
3111200,Campo Belo - MG,1242918
3111309,Campo do Meio - MG,231124
3111408,Campo Florido - MG,710762
3111507,Campos Altos - MG,434229
3111606,Campos Gerais - MG,704525
3111705,Canaã - MG,77437
3111804,Canápolis - MG,677858
3111903,Cana Verde - MG,80057
3112000,Candeias - MG,371166
3112059,Cantagalo - MG,56752
3112109,Caparaó - MG,97643
3112208,Capela Nova - MG,62458
3112307,Capelinha - MG,887590
3112406,Capetinga - MG,207248
3112505,Capim Branco - MG,123369
3112604,Capinópolis - MG,666437
3112653,Capitão Andrade - MG,60792
3112703,Capitão Enéas - MG,501415
3112802,Capitólio - MG,328594
3112901,Caputira - MG,143709
3113008,Caraí - MG,210367
3113107,Caranaíba - MG,41465
3113206,Carandaí - MG,751465
3113305,Carangola - MG,639119
3113404,Caratinga - MG,2283105
3113503,Carbonita - MG,220652
3113602,Careaçu - MG,174238
3113701,Carlos Chagas - MG,474669
3113800,Carmésia - MG,39785
3113909,Carmo da Cachoeira - MG,321614
3114006,Carmo da Mata - MG,265586
3114105,Carmo de Minas - MG,290553
3114204,Carmo do Cajuru - MG,627199
3114303,Carmo do Paranaíba - MG,1060015
3114402,Carmo do Rio Claro - MG,694497
3114501,Carmópolis de Minas - MG,461515
3114550,Carneirinho - MG,406710
3114600,Carrancas - MG,177636
3114709,Carvalhópolis - MG,71384
3114808,Carvalhos - MG,80682
3114907,Casa Grande - MG,69228
3115003,Cascalho Rico - MG,79984
3115102,Cássia - MG,436341
3115201,Conceição da Barra de Minas - MG,68717
3115300,Cataguases - MG,1650831
3115359,Catas Altas - MG,5032327
3115409,Catas Altas da Noruega - MG,40785
3115458,Catuji - MG,83308
3115474,Catuti - MG,56838
3115508,Caxambu - MG,371252
3115607,Cedro do Abaeté - MG,22396
3115706,Central de Minas - MG,87043
3115805,Centralina - MG,351125
3115904,Chácara - MG,47145
3116001,Chalé - MG,114191
3116100,Chapada do Norte - MG,111106
3116159,Chapada Gaúcha - MG,403133
3116209,Chiador - MG,37247
3116308,Cipotânea - MG,73287
3116407,Claraval - MG,181971
3116506,Claro dos Poções - MG,83712
3116605,Cláudio - MG,1117593
3116704,Coimbra - MG,139787
3116803,Coluna - MG,121199
3116902,Comendador Gomes - MG,154777
3117009,Comercinho - MG,68104
3117108,Conceição da Aparecida - MG,274187
3117207,Conceição das Pedras - MG,61047
3117306,Conceição das Alagoas - MG,1318009
3117405,Conceição de Ipanema - MG,81006
3117504,Conceição do Mato Dentro - MG,9050953
3117603,Conceição do Pará - MG,493948
3117702,Conceição do Rio Verde - MG,343556
3117801,Conceição dos Ouros - MG,224990
3117836,Cônego Marinho - MG,63478
3117876,Confins - MG,485672
3117900,Congonhal - MG,220464
3118007,Congonhas - MG,7677447
3118106,Congonhas do Norte - MG,49288
3118205,Conquista - MG,490051
3118304,Conselheiro Lafaiete - MG,3117736
3118403,Conselheiro Pena - MG,383757
3118502,Consolação - MG,31441
3118601,Contagem - MG,36478511
3118700,Coqueiral - MG,234159
3118809,Coração de Jesus - MG,272832
3118908,Cordisburgo - MG,146188
3119005,Cordislândia - MG,113743
3119104,Corinto - MG,608967
3119203,Coroaci - MG,125596
3119302,Coromandel - MG,1535203
3119401,Coronel Fabriciano - MG,1995525
3119500,Coronel Murta - MG,119826
3119609,Coronel Pacheco - MG,60101
3119708,Coronel Xavier Chaves - MG,90932
3119807,Córrego Danta - MG,165719
3119906,Córrego do Bom Jesus - MG,45603
3119955,Córrego Fundo - MG,320483
3120003,Córrego Novo - MG,38521
3120102,Couto de Magalhães de Minas - MG,63266
3120151,Crisólita - MG,76403
3120201,Cristais - MG,295630
3120300,Cristália - MG,59160
3120409,Cristiano Otoni - MG,123678
3120508,Cristina - MG,233177
3120607,Crucilândia - MG,83064
3120706,Cruzeiro da Fortaleza - MG,184033
3120805,Cruzília - MG,317649
3120839,Cuparaque - MG,74037
3120870,Curral de Dentro - MG,80420
3120904,Curvelo - MG,2228066
3121001,Datas - MG,73978
3121100,Delfim Moreira - MG,125697
3121209,Delfinópolis - MG,247289
3121258,Delta - MG,466555
3121308,Descoberto - MG,81649
3121407,Desterro de Entre Rios - MG,261189
3121506,Desterro do Melo - MG,50610
3121605,Diamantina - MG,984231
3121704,Diogo de Vasconcelos - MG,42932
3121803,Dionísio - MG,90865
3121902,Divinésia - MG,63671
3122009,Divino - MG,319453
3122108,Divino das Laranjeiras - MG,61680
3122207,Divinolândia de Minas - MG,82272
3122306,Divinópolis - MG,8328420
3122355,Divisa Alegre - MG,178202
3122405,Divisa Nova - MG,129921
3122454,Divisópolis - MG,93183
3122470,Dom Bosco - MG,69488
3122504,Dom Cavati - MG,69618
3122603,Dom Joaquim - MG,67800
3122702,Dom Silvério - MG,108260
3122801,Dom Viçoso - MG,39046
3122900,Dona Euzébia - MG,109854
3123007,Dores de Campos - MG,320072
3123106,Dores de Guanhães - MG,190689
3123205,Dores do Indaiá - MG,352243
3123304,Dores do Turvo - MG,67069
3123403,Doresópolis - MG,84085
3123502,Douradoquara - MG,79306
3123528,Durandé - MG,122873
3123601,Elói Mendes - MG,705288
3123700,Engenheiro Caldas - MG,157012
3123809,Engenheiro Navarro - MG,92057
3123858,Entre Folhas - MG,64895
3123908,Entre Rios de Minas - MG,270170
3124005,Ervália - MG,409383
3124104,Esmeraldas - MG,973278
3124203,Espera Feliz - MG,411016
3124302,Espinosa - MG,364023
3124401,Espírito Santo do Dourado - MG,122219
3124500,Estiva - MG,601829
3124609,Estrela Dalva - MG,42891
3124708,Estrela do Indaiá - MG,165338
3124807,Estrela do Sul - MG,351211
3124906,Eugenópolis - MG,221741
3125002,Ewbank da Câmara - MG,54345
3125101,Extrema - MG,13653880
3125200,Fama - MG,58617
3125309,Faria Lemos - MG,64355
3125408,Felício dos Santos - MG,73738
3125507,São Gonçalo do Rio Preto - MG,48742
3125606,Felisburgo - MG,75699
3125705,Felixlândia - MG,281136
3125804,Fernandes Tourinho - MG,45852
3125903,Ferros - MG,147935
3125952,Fervedouro - MG,156872
3126000,Florestal - MG,142775
3126109,Formiga - MG,2212489
3126208,Formoso - MG,314877
3126307,Fortaleza de Minas - MG,111241
3126406,Fortuna de Minas - MG,51259
3126505,Francisco Badaró - MG,77801
3126604,Francisco Dumont - MG,75589
3126703,Francisco Sá - MG,452040
3126752,Franciscópolis - MG,101190
3126802,Frei Gaspar - MG,80089
3126901,Frei Inocêncio - MG,150514
3126950,Frei Lagonegro - MG,35558
3127008,Fronteira - MG,935386
3127057,Fronteira dos Vales - MG,48924
3127073,Fruta de Leite - MG,47075
3127107,Frutal - MG,2472972
3127206,Funilândia - MG,83300
3127305,Galiléia - MG,113699
3127339,Gameleiras - MG,57342
3127354,Glaucilândia - MG,41126
3127370,Goiabeira - MG,49898
3127388,Goianá - MG,62242
3127404,Gonçalves - MG,94305
3127503,Gonzaga - MG,68965
3127602,Gouveia - MG,198843
3127701,Governador Valadares - MG,7382104
3127800,Grão Mogol - MG,770836
3127909,Grupiara - MG,44193
3128006,Guanhães - MG,996792
3128105,Guapé - MG,390741
3128204,Guaraciaba - MG,115211
3128253,Guaraciama - MG,78006
3128303,Guaranésia - MG,549498
3128402,Guarani - MG,173383
3128501,Guarará - MG,57624
3128600,Guarda-Mor - MG,750765
3128709,Guaxupé - MG,2806751
3128808,Guidoval - MG,123262
3128907,Guimarânia - MG,327592
3129004,Guiricema - MG,114327
3129103,Gurinhatã - MG,180788
3129202,Heliodora - MG,133435
3129301,Iapu - MG,176380
3129400,Ibertioga - MG,103540
3129509,Ibiá - MG,1534624
3129608,Ibiaí - MG,114948
3129657,Ibiracatu - MG,51252
3129707,Ibiraci - MG,728232
3129806,Ibirité - MG,3202480
3129905,Ibitiúra de Minas - MG,77622
3130002,Ibituruna - MG,59365
3130051,Icaraí de Minas - MG,111419
3130101,Igarapé - MG,966978
3130200,Igaratinga - MG,577884
3130309,Iguatama - MG,586931
3130408,Ijaci - MG,494349
3130507,Ilicínea - MG,265457
3130556,Imbé de Minas - MG,101196
3130606,Inconfidentes - MG,132560
3130655,Indaiabira - MG,87300
3130705,Indianópolis - MG,875623
3130804,Ingaí - MG,115689
3130903,Inhapim - MG,404766
3131000,Inhaúma - MG,145761
3131109,Inimutaba - MG,90714
3131158,Ipaba - MG,180272
3131208,Ipanema - MG,344482
3131307,Ipatinga - MG,17607740
3131406,Ipiaçu - MG,183043
3131505,Ipuiúna - MG,188547
3131604,Iraí de Minas - MG,301450
3131703,Itabira - MG,14971550
3131802,Itabirinha - MG,136366
3131901,Itabirito - MG,13139282
3132008,Itacambira - MG,61709
3132107,Itacarambi - MG,226687
3132206,Itaguara - MG,402204
3132305,Itaipé - MG,121611
3132404,Itajubá - MG,3611716
3132503,Itamarandiba - MG,647443
3132602,Itamarati de Minas - MG,67305
3132701,Itambacuri - MG,341003
3132800,Itambé do Mato Dentro - MG,35863
3132909,Itamogi - MG,236283
3133006,Itamonte - MG,1181671
3133105,Itanhandu - MG,470089
3133204,Itanhomi - MG,151256
3133303,Itaobim - MG,308690
3133402,Itapagipe - MG,514170
3133501,Itapecerica - MG,628985
3133600,Itapeva - MG,849148
3133709,Itatiaiuçu - MG,6934362
3133758,Itaú de Minas - MG,724062
3133808,Itaúna - MG,5082302
3133907,Itaverava - MG,71363
3134004,Itinga - MG,148251
3134103,Itueta - MG,122238
3134202,Ituiutaba - MG,3797167
3134301,Itumirim - MG,91596
3134400,Iturama - MG,2016962
3134509,Itutinga - MG,172518
3134608,Jaboticatubas - MG,297804
3134707,Jacinto - MG,131534
3134806,Jacuí - MG,150928
3134905,Jacutinga - MG,1143674
3135001,Jaguaraçu - MG,109803
3135050,Jaíba - MG,849078
3135076,Jampruca - MG,82526
3135100,Janaúba - MG,1603605
3135209,Januária - MG,824553
3135308,Japaraíba - MG,101345
3135357,Japonvar - MG,77418
3135407,Jeceaba - MG,1952716
3135456,Jenipapo de Minas - MG,79486
3135506,Jequeri - MG,193976
3135605,Jequitaí - MG,130436
3135704,Jequitibá - MG,126108
3135803,Jequitinhonha - MG,274885
3135902,Jesuânia - MG,104192
3136009,Joaíma - MG,162645
3136108,Joanésia - MG,110201
3136207,João Monlevade - MG,4852510
3136306,João Pinheiro - MG,2156345
3136405,Joaquim Felício - MG,72279
3136504,Jordânia - MG,107127
3136520,José Gonçalves de Minas - MG,51739
3136553,José Raydan - MG,72330
3136579,Josenópolis - MG,58017
3136603,Nova União - MG,107483
3136652,Juatuba - MG,1436347
3136702,Juiz de Fora - MG,20281698
3136801,Juramento - MG,51591
3136900,Juruaia - MG,274079
3136959,Juvenília - MG,65619
3137007,Ladainha - MG,147335
3137106,Lagamar - MG,242478
3137205,Lagoa da Prata - MG,1984774
3137304,Lagoa dos Patos - MG,59595
3137403,Lagoa Dourada - MG,345374
3137502,Lagoa Formosa - MG,565539
3137536,Lagoa Grande - MG,292472
3137601,Lagoa Santa - MG,2187875
3137700,Lajinha - MG,399767
3137809,Lambari - MG,405229
3137908,Lamim - MG,52121
3138005,Laranjal - MG,95736
3138104,Lassance - MG,192531
3138203,Lavras - MG,2941308
3138302,Leandro Ferreira - MG,55488
3138351,Leme do Prado - MG,66185
3138401,Leopoldina - MG,1112639
3138500,Liberdade - MG,107623
3138609,Lima Duarte - MG,339219
3138625,Limeira do Oeste - MG,462720
3138658,Lontra - MG,93829
3138674,Luisburgo - MG,132765
3138682,Luislândia - MG,65469
3138708,Luminárias - MG,149049
3138807,Luz - MG,657535
3138906,Machacalis - MG,112414
3139003,Machado - MG,1373896
3139102,Madre de Deus de Minas - MG,301965
3139201,Malacacheta - MG,235786
3139250,Mamonas - MG,60080
3139300,Manga - MG,243336
3139409,Manhuaçu - MG,3277778
3139508,Manhumirim - MG,563358
3139607,Mantena - MG,476839
3139706,Maravilhas - MG,233073
3139805,Mar de Espanha - MG,227482
3139904,Maria da Fé - MG,203119
3140001,Mariana - MG,7367033
3140100,Marilac - MG,57772
3140159,Mário Campos - MG,197957
3140209,Maripá de Minas - MG,74902
3140308,Marliéria - MG,60417
3140407,Marmelópolis - MG,42790
3140506,Martinho Campos - MG,474367
3140530,Martins Soares - MG,215621
3140555,Mata Verde - MG,91547
3140605,Materlândia - MG,60526
3140704,Mateus Leme - MG,1078989
3140803,Matias Barbosa - MG,627997
3140852,Matias Cardoso - MG,158429
3140902,Matipó - MG,425174
3141009,Mato Verde - MG,157530
3141108,Matozinhos - MG,1505458
3141207,Matutina - MG,97184
3141306,Medeiros - MG,247288
3141405,Medina - MG,252979
3141504,Mendes Pimentel - MG,77407
3141603,Mercês - MG,151705
3141702,Mesquita - MG,59433
3141801,Minas Novas - MG,350038
3141900,Minduri - MG,163760
3142007,Mirabela - MG,162987
3142106,Miradouro - MG,173968
3142205,Miraí - MG,333953
3142254,Miravânia - MG,46796
3142304,Moeda - MG,76859
3142403,Moema - MG,152626
3142502,Monjolos - MG,46801
3142601,Monsenhor Paulo - MG,228126
3142700,Montalvânia - MG,165406
3142809,Monte Alegre de Minas - MG,758376
3142908,Monte Azul - MG,256072
3143005,Monte Belo - MG,366218
3143104,Monte Carmelo - MG,1559202
3143153,Monte Formoso - MG,44093
3143203,Monte Santo de Minas - MG,483172
3143302,Montes Claros - MG,10799486
3143401,Monte Sião - MG,605892
3143450,Montezuma - MG,91046
3143500,Morada Nova de Minas - MG,541502
3143609,Morro da Garça - MG,51052
3143708,Morro do Pilar - MG,44097
3143807,Munhoz - MG,128215
3143906,Muriaé - MG,2654177
3144003,Mutum - MG,508860
3144102,Muzambinho - MG,535415
3144201,Nacip Raydan - MG,37373
3144300,Nanuque - MG,808450
3144359,Naque - MG,90147
3144375,Natalândia - MG,75163
3144409,Natércia - MG,115392
3144508,Nazareno - MG,668804
3144607,Nepomuceno - MG,618031
3144656,Ninheira - MG,126349
3144672,Nova Belém - MG,83434
3144706,Nova Era - MG,432758
3144805,Nova Lima - MG,21040766
3144904,Nova Módica - MG,58649
3145000,Nova Ponte - MG,1115949
3145059,Nova Porteirinha - MG,116346
3145109,Nova Resende - MG,385622
3145208,Nova Serrana - MG,2634272
3145307,Novo Cruzeiro - MG,330390
3145356,Novo Oriente de Minas - MG,121560
3145372,Novorizonte - MG,70395
3145406,Olaria - MG,31904
3145455,Olhos-d'Água - MG,211917
3145505,Olímpio Noronha - MG,43924
3145604,Oliveira - MG,1108063
3145703,Oliveira Fortes - MG,40519
3145802,Onça de Pitangui - MG,64913
3145851,Oratórios - MG,70841
3145877,Orizânia - MG,122068
3145901,Ouro Branco - MG,5276139
3146008,Ouro Fino - MG,934049
3146107,Ouro Preto - MG,9518797
3146206,Ouro Verde de Minas - MG,67792
3146255,Padre Carvalho - MG,58183
3146305,Padre Paraíso - MG,213888
3146404,Paineiras - MG,82804
3146503,Pains - MG,531120
3146552,Pai Pedro - MG,58642
3146602,Paiva - MG,27292
3146701,Palma - MG,103636
3146750,Palmópolis - MG,63837
3146909,Papagaios - MG,374384
3147006,Paracatu - MG,7198751
3147105,Pará de Minas - MG,4024574
3147204,Paraguaçu - MG,650844
3147303,Paraisópolis - MG,592506
3147402,Paraopeba - MG,918655
3147501,Passabém - MG,23588
3147600,Passa Quatro - MG,471565
3147709,Passa Tempo - MG,481059
3147808,Passa Vinte - MG,42075
3147907,Passos - MG,3023766
3147956,Patis - MG,55025
3148004,Patos de Minas - MG,6146247
3148103,Patrocínio - MG,3679638
3148202,Patrocínio do Muriaé - MG,116017
3148301,Paula Cândido - MG,136790
3148400,Paulistas - MG,67346
3148509,Pavão - MG,93054
3148608,Peçanha - MG,270118
3148707,Pedra Azul - MG,401335
3148756,Pedra Bonita - MG,96488
3148806,Pedra do Anta - MG,57703
3148905,Pedra do Indaiá - MG,116112
3149002,Pedra Dourada - MG,42273
3149101,Pedralva - MG,182673
3149150,Pedras de Maria da Cruz - MG,109624
3149200,Pedrinópolis - MG,204095
3149309,Pedro Leopoldo - MG,1938134
3149408,Pedro Teixeira - MG,30259
3149507,Pequeri - MG,62510
3149606,Pequi - MG,85500
3149705,Perdigão - MG,234680
3149804,Perdizes - MG,1629149
3149903,Perdões - MG,626987
3149952,Periquito - MG,111677
3150000,Pescador - MG,47075
3150109,Piau - MG,92645
3150158,Piedade de Caratinga - MG,140805
3150208,Piedade de Ponte Nova - MG,62725
3150307,Piedade do Rio Grande - MG,110390
3150406,Piedade dos Gerais - MG,89789
3150505,Pimenta - MG,281707
3150539,Pingo-d'Água - MG,52693
3150570,Pintópolis - MG,71109
3150604,Piracema - MG,303140
3150703,Pirajuba - MG,403702
3150802,Piranga - MG,200152
3150901,Piranguçu - MG,78363
3151008,Piranguinho - MG,136133
3151107,Pirapetinga - MG,633595
3151206,Pirapora - MG,2871585
3151305,Piraúba - MG,200321
3151404,Pitangui - MG,741273
3151503,Piumhi - MG,1280617
3151602,Planura - MG,574230
3151701,Poço Fundo - MG,403832
3151800,Poços de Caldas - MG,8526942
3151909,Pocrane - MG,121701
3152006,Pompéu - MG,1170319
3152105,Ponte Nova - MG,2142078
3152131,Ponto Chique - MG,52084
3152170,Ponto dos Volantes - MG,122520
3152204,Porteirinha - MG,526973
3152303,Porto Firme - MG,130226
3152402,Poté - MG,168767
3152501,Pouso Alegre - MG,10718150
3152600,Pouso Alto - MG,277395
3152709,Prados - MG,229055
3152808,Prata - MG,1292807
3152907,Pratápolis - MG,228619
3153004,Pratinha - MG,154718
3153103,Presidente Bernardes - MG,67749
3153202,Presidente Juscelino - MG,49104
3153301,Presidente Kubitschek - MG,36193
3153400,Presidente Olegário - MG,731425
3153509,Alto Jequitibá - MG,125573
3153608,Prudente de Morais - MG,203096
3153707,Quartel Geral - MG,77606
3153806,Queluzito - MG,40046
3153905,Raposos - MG,193684
3154002,Raul Soares - MG,423330
3154101,Recreio - MG,123247
3154150,Reduto - MG,121182
3154200,Resende Costa - MG,207473
3154309,Resplendor - MG,277790
3154408,Ressaquinha - MG,372866
3154457,Riachinho - MG,157242
3154507,Riacho dos Machados - MG,532552
3154606,Ribeirão das Neves - MG,5180189
3154705,Ribeirão Vermelho - MG,105346
3154804,Rio Acima - MG,472402
3154903,Rio Casca - MG,237324
3155009,Rio Doce - MG,51851
3155108,Rio do Prado - MG,52654
3155207,Rio Espera - MG,59583
3155306,Rio Manso - MG,113750
3155405,Rio Novo - MG,120045
3155504,Rio Paranaíba - MG,906412
3155603,Rio Pardo de Minas - MG,345428
3155702,Rio Piracicaba - MG,1339656
3155801,Rio Pomba - MG,417244
3155900,Rio Preto - MG,69135
3156007,Rio Vermelho - MG,140757
3156106,Ritápolis - MG,90330
3156205,Rochedo de Minas - MG,114660
3156304,Rodeiro - MG,544656
3156403,Romaria - MG,271627
3156452,Rosário da Limeira - MG,67723
3156502,Rubelita - MG,80084
3156601,Rubim - MG,111693
3156700,Sabará - MG,4201932
3156809,Sabinópolis - MG,334727
3156908,Sacramento - MG,2090841
3157005,Salinas - MG,667282
3157104,Salto da Divisa - MG,132015
3157203,Santa Bárbara - MG,1628347
3157252,Santa Bárbara do Leste - MG,111674
3157278,Santa Bárbara do Monte Verde - MG,56261
3157302,Santa Bárbara do Tugúrio - MG,70602
3157336,Santa Cruz de Minas - MG,103453
3157377,Santa Cruz de Salinas - MG,48998
3157401,Santa Cruz do Escalvado - MG,76982
3157500,Santa Efigênia de Minas - MG,51008
3157609,Santa Fé de Minas - MG,59926
3157658,Santa Helena de Minas - MG,57927
3157708,Santa Juliana - MG,860296
3157807,Santa Luzia - MG,5287597
3157906,Santa Margarida - MG,353995
3158003,Santa Maria de Itabira - MG,269094
3158102,Santa Maria do Salto - MG,49983
3158201,Santa Maria do Suaçuí - MG,170803
3158300,Santana da Vargem - MG,243282
3158409,Santana de Cataguases - MG,49901
3158508,Santana de Pirapama - MG,116826
3158607,Santana do Deserto - MG,47355
3158706,Santana do Garambéu - MG,39152
3158805,Santana do Jacaré - MG,105812
3158904,Santana do Manhuaçu - MG,189822
3158953,Santana do Paraíso - MG,749702
3159001,Santana do Riacho - MG,103770
3159100,Santana dos Montes - MG,49867
3159209,Santa Rita de Caldas - MG,227928
3159308,Santa Rita de Jacutinga - MG,74798
3159357,Santa Rita de Minas - MG,151781
3159407,Santa Rita de Ibitipoca - MG,61998
3159506,Santa Rita do Itueto - MG,179107
3159605,Santa Rita do Sapucaí - MG,1944045
3159704,Santa Rosa da Serra - MG,102017
3159803,Santa Vitória - MG,802576
3159902,Santo Antônio do Amparo - MG,354378
3160009,Santo Antônio do Aventureiro - MG,67888
3160108,Santo Antônio do Grama - MG,85508
3160207,Santo Antônio do Itambé - MG,44720
3160306,Santo Antônio do Jacinto - MG,114522
3160405,Santo Antônio do Monte - MG,842862
3160454,Santo Antônio do Retiro - MG,70752
3160504,Santo Antônio do Rio Abaixo - MG,28487
3160603,Santo Hipólito - MG,50190
3160702,Santos Dumont - MG,1101637
3160801,São Bento Abade - MG,89289
3160900,São Brás do Suaçuí - MG,80485
3160959,São Domingos das Dores - MG,91424
3161007,São Domingos do Prata - MG,313454
3161056,São Félix de Minas - MG,43890
3161106,São Francisco - MG,648148
3161205,São Francisco de Paula - MG,150493
3161304,São Francisco de Sales - MG,193829
3161403,São Francisco do Glória - MG,72559
3161502,São Geraldo - MG,263233
3161601,São Geraldo da Piedade - MG,44803
3161650,São Geraldo do Baixio - MG,49928
3161700,São Gonçalo do Abaeté - MG,325637
3161809,São Gonçalo do Pará - MG,311147
3161908,São Gonçalo do Rio Abaixo - MG,7603788
3162005,São Gonçalo do Sapucaí - MG,986478
3162104,São Gotardo - MG,1189028
3162203,São João Batista do Glória - MG,268082
3162252,São João da Lagoa - MG,60402
3162302,São João da Mata - MG,55081
3162401,São João da Ponte - MG,269275
3162450,São João das Missões - MG,92410
3162500,São João del Rei - MG,3003942
3162559,São João do Manhuaçu - MG,183076
3162575,São João do Manteninha - MG,81210
3162609,São João do Oriente - MG,101830
3162658,São João do Pacuí - MG,44651
3162708,São João do Paraíso - MG,285026
3162807,São João Evangelista - MG,253189
3162906,São João Nepomuceno - MG,506005
3162922,São Joaquim de Bicas - MG,1083056
3162948,São José da Barra - MG,891414
3162955,São José da Lapa - MG,624432
3163003,São José da Safira - MG,49538
3163102,São José da Varginha - MG,114569
3163201,São José do Alegre - MG,57941
3163300,São José do Divino - MG,53035
3163409,São José do Goiabal - MG,67369
3163508,São José do Jacuri - MG,99880
3163607,São José do Mantimento - MG,44165
3163706,São Lourenço - MG,1177795
3163805,São Miguel do Anta - MG,105060
3163904,São Pedro da União - MG,148147
3164001,São Pedro dos Ferros - MG,134364
3164100,São Pedro do Suaçuí - MG,81769
3164209,São Romão - MG,243070
3164308,São Roque de Minas - MG,323179
3164407,São Sebastião da Bela Vista - MG,442552
3164431,São Sebastião da Vargem Alegre - MG,66796
3164472,São Sebastião do Anta - MG,104236
3164506,São Sebastião do Maranhão - MG,100804
3164605,São Sebastião do Oeste - MG,596667
3164704,São Sebastião do Paraíso - MG,2234341
3164803,São Sebastião do Rio Preto - MG,25965
3164902,São Sebastião do Rio Verde - MG,35675
3165008,São Tiago - MG,246013
3165107,São Tomás de Aquino - MG,195196
3165206,São Tomé das Letras - MG,137341
3165305,São Vicente de Minas - MG,206080
3165404,Sapucaí-Mirim - MG,110258
3165503,Sardoá - MG,68811
3165537,Sarzedo - MG,2190346
3165552,Setubinha - MG,122713
3165560,Sem-Peixe - MG,36660
3165578,Senador Amaral - MG,89404
3165602,Senador Cortes - MG,38033
3165701,Senador Firmino - MG,106704
3165800,Senador José Bento - MG,35501
3165909,Senador Modestino Gonçalves - MG,92204
3166006,Senhora de Oliveira - MG,81065
3166105,Senhora do Porto - MG,49708
3166204,Senhora dos Remédios - MG,115731
3166303,Sericita - MG,104954
3166402,Seritinga - MG,45221
3166501,Serra Azul de Minas - MG,45048
3166600,Serra da Saudade - MG,21916
3166709,Serra dos Aimorés - MG,93122
3166808,Serra do Salitre - MG,983425
3166907,Serrania - MG,161680
3166956,Serranópolis de Minas - MG,47445
3167004,Serranos - MG,38551
3167103,Serro - MG,292378
3167202,Sete Lagoas - MG,12655800
3167301,Silveirânia - MG,35131
3167400,Silvianópolis - MG,141500
3167509,Simão Pereira - MG,103933
3167608,Simonésia - MG,285219
3167707,Sobrália - MG,67350
3167806,Soledade de Minas - MG,81837
3167905,Tabuleiro - MG,65697
3168002,Taiobeiras - MG,557221
3168051,Taparuba - MG,49071
3168101,Tapira - MG,688692
3168200,Tapiraí - MG,56050
3168309,Taquaraçu de Minas - MG,65923
3168408,Tarumirim - MG,188289
3168507,Teixeiras - MG,191264
3168606,Teófilo Otoni - MG,2952020
3168705,Timóteo - MG,5609602
3168804,Tiradentes - MG,205615
3168903,Tiros - MG,379852
3169000,Tocantins - MG,349351
3169059,Tocos do Moji - MG,70715
3169109,Toledo - MG,107093
3169208,Tombos - MG,130946
3169307,Três Corações - MG,2958952
3169356,Três Marias - MG,3149734
3169406,Três Pontas - MG,1877754
3169505,Tumiritinga - MG,83258
3169604,Tupaciguara - MG,946266
3169703,Turmalina - MG,443537
3169802,Turvolândia - MG,139823
3169901,Ubá - MG,3557764
3170008,Ubaí - MG,117187
3170057,Ubaporanga - MG,167976
3170107,Uberaba - MG,20384265
3170206,Uberlândia - MG,43030885
3170305,Umburatiba - MG,44152
3170404,Unaí - MG,4316723
3170438,União de Minas - MG,130400
3170479,Uruana de Minas - MG,97089
3170503,Urucânia - MG,239904
3170529,Urucuia - MG,193218
3170578,Vargem Alegre - MG,77359
3170602,Vargem Bonita - MG,87624
3170651,Vargem Grande do Rio Pardo - MG,68132
3170701,Varginha - MG,8093504
3170750,Varjão de Minas - MG,316498
3170800,Várzea da Palma - MG,1087380
3170909,Varzelândia - MG,187195
3171006,Vazante - MG,1168800
3171030,Verdelândia - MG,115440
3171071,Veredinha - MG,133100
3171105,Veríssimo - MG,170416
3171154,Vermelho Novo - MG,64212
3171204,Vespasiano - MG,3019114
3171303,Viçosa - MG,1811350
3171402,Vieiras - MG,53436
3171501,Mathias Lobato - MG,43983
3171600,Virgem da Lapa - MG,131570
3171709,Virgínia - MG,180396
3171808,Virginópolis - MG,183972
3171907,Virgolândia - MG,62673
3172004,Visconde do Rio Branco - MG,1349239
3172103,Volta Grande - MG,139852
3172202,Wenceslau Braz - MG,33070
3200102,Afonso Cláudio - ES,569778
3200136,Águia Branca - ES,246002
3200169,Água Doce do Norte - ES,184400
3200201,Alegre - ES,575149
3200300,Alfredo Chaves - ES,457723
3200359,Alto Rio Novo - ES,113033
3200409,Anchieta - ES,5764186
3200508,Apiacá - ES,118191
3200607,Aracruz - ES,5313109
3200706,Atílio Vivácqua - ES,360869
3200805,Baixo Guandu - ES,928258
3200904,Barra de São Francisco - ES,1164997
3201001,Boa Esperança - ES,271046
3201100,Bom Jesus do Norte - ES,186830
3201159,Brejetuba - ES,294749
3201209,Cachoeiro de Itapemirim - ES,6146965
3201308,Cariacica - ES,13698899
3201407,Castelo - ES,1170584
3201506,Colatina - ES,4378290
3201605,Conceição da Barra - ES,607064
3201704,Conceição do Castelo - ES,279074
3201803,Divino de São Lourenço - ES,82577
3201902,Domingos Martins - ES,957718
3202009,Dores do Rio Preto - ES,159784
3202108,Ecoporanga - ES,411088
3202207,Fundão - ES,468483
3202256,Governador Lindenberg - ES,334325
3202306,Guaçuí - ES,612499
3202405,Guarapari - ES,2537477
3202454,Ibatiba - ES,450083
3202504,Ibiraçu - ES,289513
3202553,Ibitirama - ES,171980
3202603,Iconha - ES,314849
3202652,Irupi - ES,236221
3202702,Itaguaçu - ES,325864
3202801,Itapemirim - ES,5744177
3202900,Itarana - ES,266025
3203007,Iúna - ES,538442
3203056,Jaguaré - ES,963633
3203106,Jerônimo Monteiro - ES,172122
3203130,João Neiva - ES,646257
3203163,Laranja da Terra - ES,187686
3203205,Linhares - ES,8036037
3203304,Mantenópolis - ES,203073
3203320,Marataízes - ES,6659691
3203346,Marechal Floriano - ES,516900
3203353,Marilândia - ES,312890
3203403,Mimoso do Sul - ES,607403
3203502,Montanha - ES,410502
3203601,Mucurici - ES,96748
3203700,Muniz Freire - ES,383337
3203809,Muqui - ES,234318
3203908,Nova Venécia - ES,1339629
3204005,Pancas - ES,358499
3204054,Pedro Canário - ES,401435
3204104,Pinheiros - ES,861689
3204203,Piúma - ES,876048
3204252,Ponto Belo - ES,107547
3204302,Presidente Kennedy - ES,6811823
3204351,Rio Bananal - ES,525681
3204401,Rio Novo do Sul - ES,229881
3204500,Santa Leopoldina - ES,330157
3204559,Santa Maria de Jetibá - ES,1631412
3204609,Santa Teresa - ES,577198
3204658,São Domingos do Norte - ES,331338
3204708,São Gabriel da Palha - ES,762078
3204807,São José do Calçado - ES,203594
3204906,São Mateus - ES,2947650
3204955,São Roque do Canaã - ES,228985
3205002,Serra - ES,37279144
3205010,Sooretama - ES,667554
3205036,Vargem Alta - ES,430103
3205069,Venda Nova do Imigrante - ES,702150
3205101,Viana - ES,4227430
3205150,Vila Pavão - ES,180641
3205176,Vila Valério - ES,434064
3205200,Vila Velha - ES,16305901
3205309,Vitória - ES,31423978
3300100,Angra dos Reis - RJ,11194157
3300159,Aperibé - RJ,249119
3300209,Araruama - RJ,4234217
3300225,Areal - RJ,427436
3300233,Armação dos Búzios - RJ,2970297
3300258,Arraial do Cabo - RJ,2705450
3300308,Barra do Piraí - RJ,2713890
3300407,Barra Mansa - RJ,6449270
3300456,Belford Roxo - RJ,8839736
3300506,Bom Jardim - RJ,887295
3300605,Bom Jesus do Itabapoana - RJ,908156
3300704,Cabo Frio - RJ,12359509
3300803,Cachoeiras de Macacu - RJ,1305498
3300902,Cambuci - RJ,399847
3300936,Carapebus - RJ,726756
3300951,Comendador Levy Gasparian - RJ,603969
3301009,Campos dos Goytacazes - RJ,37179716
3301108,Cantagalo - RJ,841413
3301157,Cardoso Moreira - RJ,395476
3301207,Carmo - RJ,561273
3301306,Casimiro de Abreu - RJ,2352145
3301405,Conceição de Macabu - RJ,434135
3301504,Cordeiro - RJ,456168
3301603,Duas Barras - RJ,249214
3301702,Duque de Caxias - RJ,53136504
3301801,Engenheiro Paulo de Frontin - RJ,406735
3301850,Guapimirim - RJ,1363992
3301876,Iguaba Grande - RJ,631393
3301900,Itaboraí - RJ,5640678
3302007,Itaguaí - RJ,10502682
3302056,Italva - RJ,418759
3302106,Itaocara - RJ,635888
3302205,Itaperuna - RJ,3394940
3302254,Itatiaia - RJ,6893408
3302270,Japeri - RJ,1530183
3302304,Laje do Muriaé - RJ,184160
3302403,Macaé - RJ,17746787
3302452,Macuco - RJ,214870
3302502,Magé - RJ,4765781
3302601,Mangaratiba - RJ,3211861
3302700,Maricá - RJ,85814188
3302809,Mendes - RJ,357688
3302858,Mesquita - RJ,2619212
3302908,Miguel Pereira - RJ,632498
3303005,Miracema - RJ,662180
3303104,Natividade - RJ,324261
3303203,Nilópolis - RJ,3059459
3303302,Niterói - RJ,66345488
3303401,Nova Friburgo - RJ,6324877
3303500,Nova Iguaçu - RJ,17794452
3303609,Paracambi - RJ,1162875
3303708,Paraíba do Sul - RJ,1253017
3303807,Paraty - RJ,1955280
3303856,Paty do Alferes - RJ,684851
3303906,Petrópolis - RJ,15665370
3303955,Pinheiral - RJ,1452638
3304003,Piraí - RJ,2449973
3304102,Porciúncula - RJ,415943
3304110,Porto Real - RJ,4245725
3304128,Quatis - RJ,305010
3304144,Queimados - RJ,4361684
3304151,Quissamã - RJ,5996886
3304201,Resende - RJ,10754357
3304300,Rio Bonito - RJ,1831391
3304409,Rio Claro - RJ,435959
3304508,Rio das Flores - RJ,294384
3304524,Rio das Ostras - RJ,8948996
3304557,Rio de Janeiro - RJ,359632648
3304607,Santa Maria Madalena - RJ,234575
3304706,Santo Antônio de Pádua - RJ,1284632
3304755,São Francisco de Itabapoana - RJ,1184513
3304805,São Fidélis - RJ,845178
3304904,São Gonçalo - RJ,20324752
3305000,São João da Barra - RJ,9886849
3305109,São João de Meriti - RJ,8963716
3305133,São José de Ubá - RJ,196857
3305158,São José do Vale do Rio Preto - RJ,744334
3305208,São Pedro da Aldeia - RJ,2743637
3305307,São Sebastião do Alto - RJ,241281
3305406,Sapucaia - RJ,1000567
3305505,Saquarema - RJ,42178159
3305554,Seropédica - RJ,4777005
3305604,Silva Jardim - RJ,602627
3305703,Sumidouro - RJ,600250
3305752,Tanguá - RJ,694534
3305802,Teresópolis - RJ,5923899
3305901,Trajano de Moraes - RJ,242013
3306008,Três Rios - RJ,6348140
3306107,Valença - RJ,3122592
3306156,Varre-Sai - RJ,264149
3306206,Vassouras - RJ,1321254
3306305,Volta Redonda - RJ,19671203
3500105,Adamantina - SP,1370866
3500204,Adolfo - SP,115490
3500303,Aguaí - SP,1314737
3500402,Águas da Prata - SP,209004
3500501,Águas de Lindóia - SP,585604
3500550,Águas de Santa Bárbara - SP,217296
3500600,Águas de São Pedro - SP,147855
3500709,Agudos - SP,2638623
3500758,Alambari - SP,129390
3500808,Alfredo Marcondes - SP,120355
3500907,Altair - SP,112274
3501004,Altinópolis - SP,833396
3501103,Alto Alegre - SP,113585
3501152,Alumínio - SP,3982313
3501202,Álvares Florence - SP,124351
3501301,Álvares Machado - SP,709876
3501400,Álvaro de Carvalho - SP,58586
3501509,Alvinlândia - SP,58405
3501608,Americana - SP,15217280
3501707,Américo Brasiliense - SP,1230444
3501806,Américo de Campos - SP,126802
3501905,Amparo - SP,5152156
3502002,Analândia - SP,208314
3502101,Andradina - SP,2845285
3502200,Angatuba - SP,1474152
3502309,Anhembi - SP,169558
3502408,Anhumas - SP,105621
3502507,Aparecida - SP,1041067
3502606,Aparecida d'Oeste - SP,151540
3502705,Apiaí - SP,897713
3502754,Araçariguama - SP,4814504
3502804,Araçatuba - SP,9017953
3502903,Araçoiaba da Serra - SP,1205884
3503000,Aramina - SP,150277
3503109,Arandu - SP,194818
3503158,Arapeí - SP,45568
3503208,Araraquara - SP,11953237
3503307,Araras - SP,6942567
3503356,Arco-Íris - SP,62096
3503406,Arealva - SP,227079
3503505,Areias - SP,58113
3503604,Areiópolis - SP,163060
3503703,Ariranha - SP,1136911
3503802,Artur Nogueira - SP,1721737
3503901,Arujá - SP,8293370
3503950,Aspásia - SP,39546
3504008,Assis - SP,4082516
3504107,Atibaia - SP,8361032
3504206,Auriflama - SP,358544
3504305,Avaí - SP,376094
3504404,Avanhandava - SP,199389
3504503,Avaré - SP,3278922
3504602,Bady Bassitt - SP,551849
3504701,Balbinos - SP,65400
3504800,Bálsamo - SP,278642
3504909,Bananal - SP,216018
3505005,Barão de Antonina - SP,74956
3505104,Barbosa - SP,109125
3505203,Bariri - SP,1623406
3505302,Barra Bonita - SP,1515653
3505351,Barra do Chapéu - SP,133738
3505401,Barra do Turvo - SP,125821
3505500,Barretos - SP,5903516
3505609,Barrinha - SP,624816
3505708,Barueri - SP,58027667
3505807,Bastos - SP,1067217
3505906,Batatais - SP,2416803
3506003,Bauru - SP,16721368
3506102,Bebedouro - SP,4080485
3506201,Bento de Abreu - SP,210460
3506300,Bernardino de Campos - SP,377950
3506359,Bertioga - SP,2067677
3506409,Bilac - SP,292577
3506508,Birigui - SP,3947388
3506607,Biritiba Mirim - SP,971016
3506706,Boa Esperança do Sul - SP,380753
3506805,Bocaina - SP,281964
3506904,Bofete - SP,212434
3507001,Boituva - SP,3393229
3507100,Bom Jesus dos Perdões - SP,1463036
3507159,Bom Sucesso de Itararé - SP,63857
3507209,Borá - SP,74195
3507308,Boracéia - SP,519153
3507407,Borborema - SP,518182
3507456,Borebi - SP,73943
3507506,Botucatu - SP,5979359
3507605,Bragança Paulista - SP,7954300
3507704,Braúna - SP,120687
3507753,Brejo Alegre - SP,75675
3507803,Brodowski - SP,894831
3507902,Brotas - SP,1123987
3508009,Buri - SP,684130
3508108,Buritama - SP,627565
3508207,Buritizal - SP,244488
3508306,Cabrália Paulista - SP,102882
3508405,Cabreúva - SP,5961333
3508504,Caçapava - SP,5214553
3508603,Cachoeira Paulista - SP,673632
3508702,Caconde - SP,574395
3508801,Cafelândia - SP,682544
3508900,Caiabu - SP,69806
3509007,Caieiras - SP,4858858
3509106,Caiuá - SP,96255
3509205,Cajamar - SP,22713160
3509254,Cajati - SP,1755226
3509304,Cajobi - SP,170916
3509403,Cajuru - SP,761749
3509452,Campina do Monte Alegre - SP,151087
3509502,Campinas - SP,72946910
3509601,Campo Limpo Paulista - SP,2530950
3509700,Campos do Jordão - SP,1449808
3509809,Campos Novos Paulista - SP,194705
3509908,Cananéia - SP,264410
3509957,Canas - SP,130060
3510005,Cândido Mota - SP,1518347
3510104,Cândido Rodrigues - SP,107108
3510153,Canitar - SP,164319
3510203,Capão Bonito - SP,1269097
3510302,Capela do Alto - SP,392354
3510401,Capivari - SP,2990810
3510500,Caraguatatuba - SP,4532236
3510609,Carapicuíba - SP,6854706
3510708,Cardoso - SP,321120
3510807,Casa Branca - SP,1179142
3510906,Cássia dos Coqueiros - SP,293111
3511003,Castilho - SP,1388287
3511102,Catanduva - SP,5218361
3511201,Catiguá - SP,152902
3511300,Cedral - SP,533104
3511409,Cerqueira César - SP,956914
3511508,Cerquilho - SP,2343906
3511607,Cesário Lange - SP,740569
3511706,Charqueada - SP,515123
3511904,Clementina - SP,186411
3512001,Colina - SP,1541673
3512100,Colômbia - SP,373219
3512209,Conchal - SP,859274
3512308,Conchas - SP,432993
3512407,Cordeirópolis - SP,4107826
3512506,Coroados - SP,218777
3512605,Coronel Macedo - SP,141158
3512704,Corumbataí - SP,345026
3512803,Cosmópolis - SP,2109640
3512902,Cosmorama - SP,506809
3513009,Cotia - SP,16114165
3513108,Cravinhos - SP,1753137
3513207,Cristais Paulista - SP,346566
3513306,Cruzália - SP,137664
3513405,Cruzeiro - SP,3182373
3513504,Cubatão - SP,21946472
3513603,Cunha - SP,326362
3513702,Descalvado - SP,2081162
3513801,Diadema - SP,18484356
3513850,Dirce Reis - SP,69827
3513900,Divinolândia - SP,491457
3514007,Dobrada - SP,138927
3514106,Dois Córregos - SP,835299
3514205,Dolcinópolis - SP,58947
3514304,Dourado - SP,802299
3514403,Dracena - SP,1444978
3514502,Duartina - SP,252626
3514601,Dumont - SP,342332
3514700,Echaporã - SP,152432
3514809,Eldorado - SP,329349
3514908,Elias Fausto - SP,1004655
3514924,Elisiário - SP,76051
3514957,Embaúba - SP,57200
3515004,Embu das Artes - SP,14314754
3515103,Embu-Guaçu - SP,1456125
3515129,Emilianópolis - SP,79175
3515152,Engenheiro Coelho - SP,661053
3515186,Espírito Santo do Pinhal - SP,2065824
3515194,Espírito Santo do Turvo - SP,91772
3515202,Estrela d'Oeste - SP,753257
3515301,Estrela do Norte - SP,62446
3515350,Euclides da Cunha Paulista - SP,136498
3515400,Fartura - SP,473712
3515509,Fernandópolis - SP,2468766
3515608,Fernando Prestes - SP,205594
3515657,Fernão - SP,80954
3515707,Ferraz de Vasconcelos - SP,4740673
3515806,Flora Rica - SP,42156
3515905,Floreal - SP,81886
3516002,Flórida Paulista - SP,264841
3516101,Florínea - SP,171949
3516200,Franca - SP,11276086
3516309,Francisco Morato - SP,1872467
3516408,Franco da Rocha - SP,4297871
3516507,Gabriel Monteiro - SP,93705
3516606,Gália - SP,172719
3516705,Garça - SP,1725228
3516804,Gastão Vidigal - SP,85828
3516853,Gavião Peixoto - SP,1184185
3516903,General Salgado - SP,275099
3517000,Getulina - SP,215988
3517109,Glicério - SP,125314
3517208,Guaiçara - SP,232241
3517307,Guaimbê - SP,442962
3517406,Guaíra - SP,2704845
3517505,Guapiaçu - SP,896415
3517604,Guapiara - SP,439112
3517703,Guará - SP,618205
3517802,Guaraçaí - SP,326572
3517901,Guaraci - SP,375453
3518008,Guarani d'Oeste - SP,37040
3518107,Guarantã - SP,196319
3518206,Guararapes - SP,1199678
3518305,Guararema - SP,1546741
3518404,Guaratinguetá - SP,7877882
3518503,Guareí - SP,313681
3518602,Guariba - SP,1135134
3518701,Guarujá - SP,10494252
3518800,Guarulhos - SP,77376425
3518859,Guatapará - SP,245363
3518909,Guzolândia - SP,93585
3519006,Herculândia - SP,355955
3519055,Holambra - SP,1463401
3519071,Hortolândia - SP,18377822
3519105,Iacanga - SP,658010
3519204,Iacri - SP,316795
3519253,Iaras - SP,168922
3519303,Ibaté - SP,1159253
3519402,Ibirá - SP,318126
3519501,Ibirarema - SP,244614
3519600,Ibitinga - SP,1965223
3519709,Ibiúna - SP,2370586
3519808,Icém - SP,209289
3519907,Iepê - SP,434356
3520004,Igaraçu do Tietê - SP,381185
3520103,Igarapava - SP,1299637
3520202,Igaratá - SP,240165
3520301,Iguape - SP,1588620
3520400,Ilhabela - SP,13956618
3520426,Ilha Comprida - SP,1363561
3520442,Ilha Solteira - SP,706075
3520509,Indaiatuba - SP,22817117
3520608,Indiana - SP,86968
3520707,Indiaporã - SP,111103
3520806,Inúbia Paulista - SP,136681
3520905,Ipaussu - SP,499099
3521002,Iperó - SP,969694
3521101,Ipeúna - SP,947912
3521150,Ipiguá - SP,124259
3521200,Iporanga - SP,63459
3521309,Ipuã - SP,442715
3521408,Iracemápolis - SP,2127925
3521507,Irapuã - SP,186223
3521606,Irapuru - SP,109595
3521705,Itaberá - SP,1016119
3521804,Itaí - SP,924897
3521903,Itajobi - SP,935220
3522000,Itaju - SP,232257
3522109,Itanhaém - SP,2369275
3522158,Itaoca - SP,53345
3522208,Itapecerica da Serra - SP,4909299
3522307,Itapetininga - SP,6359723
3522406,Itapeva - SP,3788992
3522505,Itapevi - SP,12854995
3522604,Itapira - SP,4756331
3522653,Itapirapuã Paulista - SP,52590
3522703,Itápolis - SP,1630820
3522802,Itaporanga - SP,305514
3522901,Itapuí - SP,1003729
3523008,Itapura - SP,104628
3523107,Itaquaquecetuba - SP,9519618
3523206,Itararé - SP,1182424
3523305,Itariri - SP,438980
3523404,Itatiba - SP,8245498
3523503,Itatinga - SP,396660
3523602,Itirapina - SP,1273184
3523701,Itirapuã - SP,161835
3523800,Itobi - SP,198366
3523909,Itu - SP,10540813
3524006,Itupeva - SP,8423279
3524105,Ituverava - SP,1907193
3524204,Jaborandi - SP,153278
3524303,Jaboticabal - SP,3601183
3524402,Jacareí - SP,16080494
3524501,Jaci - SP,676808
3524600,Jacupiranga - SP,531089
3524709,Jaguariúna - SP,13981302
3524808,Jales - SP,1982125
3524907,Jambeiro - SP,352904
3525003,Jandira - SP,4908360
3525102,Jardinópolis - SP,1580760
3525201,Jarinu - SP,2997400
3525300,Jaú - SP,5582395
3525409,Jeriquara - SP,168937
3525508,Joanópolis - SP,261558
3525607,João Ramalho - SP,148675
3525706,José Bonifácio - SP,1381751
3525805,Júlio Mesquita - SP,58843
3525854,Jumirim - SP,214000
3525904,Jundiaí - SP,57670893
3526001,Junqueirópolis - SP,807879
3526100,Juquiá - SP,366459
3526209,Juquitiba - SP,573997
3526308,Lagoinha - SP,73967
3526407,Laranjal Paulista - SP,1411101
3526506,Lavínia - SP,184896
3526605,Lavrinhas - SP,133317
3526704,Leme - SP,4101867
3526803,Lençóis Paulista - SP,4924228
3526902,Limeira - SP,16060739
3527009,Lindóia - SP,246179
3527108,Lins - SP,6763890
3527207,Lorena - SP,3876663
3527256,Lourdes - SP,43489
3527306,Louveira - SP,19677151
3527405,Lucélia - SP,584271
3527504,Lucianópolis - SP,70465
3527603,Luís Antônio - SP,1556607
3527702,Luiziânia - SP,93809
3527801,Lupércio - SP,98337
3527900,Lutécia - SP,101173
3528007,Macatuba - SP,643783
3528106,Macaubal - SP,196952
3528205,Macedônia - SP,90931
3528304,Magda - SP,104128
3528403,Mairinque - SP,2695116
3528502,Mairiporã - SP,2288092
3528601,Manduri - SP,291908
3528700,Marabá Paulista - SP,157011
3528809,Maracaí - SP,517398
3528858,Marapoama - SP,119694
3528908,Mariápolis - SP,76482
3529005,Marília - SP,9756006
3529104,Marinópolis - SP,40067
3529203,Martinópolis - SP,754950
3529302,Matão - SP,5356571
3529401,Mauá - SP,20776213
3529500,Mendonça - SP,374785
3529609,Meridiano - SP,393842
3529658,Mesópolis - SP,81615
3529708,Miguelópolis - SP,1016137
3529807,Mineiros do Tietê - SP,226257
3529906,Miracatu - SP,456953
3530003,Mira Estrela - SP,70362
3530102,Mirandópolis - SP,738742
3530201,Mirante do Paranapanema - SP,606917
3530300,Mirassol - SP,2660334
3530409,Mirassolândia - SP,213295
3530508,Mococa - SP,3043692
3530607,Mogi das Cruzes - SP,19604517
3530706,Mogi Guaçu - SP,6865386
3530805,Mogi Mirim - SP,6313564
3530904,Mombuca - SP,124517
3531001,Monções - SP,58262
3531100,Mongaguá - SP,1254605
3531209,Monte Alegre do Sul - SP,252218
3531308,Monte Alto - SP,2435240
3531407,Monte Aprazível - SP,766600
3531506,Monte Azul Paulista - SP,639162
3531605,Monte Castelo - SP,128088
3531704,Monteiro Lobato - SP,83030
3531803,Monte Mor - SP,4317764
3531902,Morro Agudo - SP,1225918
3532009,Morungaba - SP,633324
3532058,Motuca - SP,120696
3532108,Murutinga do Sul - SP,88027
3532157,Nantes - SP,142301
3532207,Narandiba - SP,639076
3532306,Natividade da Serra - SP,93391
3532405,Nazaré Paulista - SP,465371
3532504,Neves Paulista - SP,276248
3532603,Nhandeara - SP,367777
3532702,Nipoã - SP,95892
3532801,Nova Aliança - SP,325933
3532827,Nova Campina - SP,221079
3532843,Nova Canaã Paulista - SP,46305
3532868,Nova Castilho - SP,60665
3532900,Nova Europa - SP,377461
3533007,Nova Granada - SP,512829
3533106,Nova Guataporanga - SP,36775
3533205,Nova Independência - SP,213155
3533254,Novais - SP,78660
3533304,Nova Luzitânia - SP,60214
3533403,Nova Odessa - SP,4020494
3533502,Novo Horizonte - SP,1585955
3533601,Nuporanga - SP,868092
3533700,Ocauçu - SP,141366
3533809,Óleo - SP,128272
3533908,Olímpia - SP,2551145
3534005,Onda Verde - SP,205636
3534104,Oriente - SP,129763
3534203,Orindiúva - SP,640841
3534302,Orlândia - SP,2579406
3534401,Osasco - SP,86111260
3534500,Oscar Bressane - SP,112882
3534609,Osvaldo Cruz - SP,1087490
3534708,Ourinhos - SP,3961571
3534757,Ouroeste - SP,548740
3534807,Ouro Verde - SP,134986
3534906,Pacaembu - SP,217695
3535002,Palestina - SP,420420
3535101,Palmares Paulista - SP,136419
3535200,Palmeira d'Oeste - SP,215050
3535309,Palmital - SP,900627
3535408,Panorama - SP,317826
3535507,Paraguaçu Paulista - SP,1801748
3535606,Paraibuna - SP,352398
3535705,Paraíso - SP,275313
3535804,Paranapanema - SP,945145
3535903,Paranapuã - SP,133065
3536000,Parapuã - SP,741786
3536109,Pardinho - SP,368271
3536208,Pariquera-Açu - SP,586024
3536257,Parisi - SP,53620
3536307,Patrocínio Paulista - SP,1360809
3536406,Paulicéia - SP,200145
3536505,Paulínia - SP,52389437
3536570,Paulistânia - SP,48637
3536604,Paulo de Faria - SP,269675
3536703,Pederneiras - SP,3066261
3536802,Pedra Bela - SP,118076
3536901,Pedranópolis - SP,79887
3537008,Pedregulho - SP,1731364
3537107,Pedreira - SP,1502008
3537156,Pedrinhas Paulista - SP,176652
3537206,Pedro de Toledo - SP,178609
3537305,Penápolis - SP,2082458
3537404,Pereira Barreto - SP,1087485
3537503,Pereiras - SP,317964
3537602,Peruíbe - SP,1966247
3537701,Piacatu - SP,119025
3537800,Piedade - SP,1597083
3537909,Pilar do Sul - SP,1276180
3538006,Pindamonhangaba - SP,13742498
3538105,Pindorama - SP,498801
3538204,Pinhalzinho - SP,314651
3538303,Piquerobi - SP,67093
3538501,Piquete - SP,197854
3538600,Piracaia - SP,661696
3538709,Piracicaba - SP,34555724
3538808,Piraju - SP,926203
3538907,Pirajuí - SP,540058
3539004,Pirangi - SP,364798
3539103,Pirapora do Bom Jesus - SP,826672
3539202,Pirapozinho - SP,927781
3539301,Pirassununga - SP,3312332
3539400,Piratininga - SP,278467
3539509,Pitangueiras - SP,1389561
3539608,Planalto - SP,193762
3539707,Platina - SP,120019
3539806,Poá - SP,3769347
3539905,Poloni - SP,154423
3540002,Pompéia - SP,1951861
3540101,Pongaí - SP,94399
3540200,Pontal - SP,1462865
3540259,Pontalinda - SP,98030
3540309,Pontes Gestal - SP,126663
3540408,Populina - SP,117260
3540507,Porangaba - SP,233734
3540606,Porto Feliz - SP,3754666
3540705,Porto Ferreira - SP,2495873
3540754,Potim - SP,308459
3540804,Potirendaba - SP,620169
3540853,Pracinha - SP,40969
3540903,Pradópolis - SP,1096526
3541000,Praia Grande - SP,8727831
3541059,Pratânia - SP,126367
3541109,Presidente Alves - SP,77333
3541208,Presidente Bernardes - SP,331914
3541307,Presidente Epitácio - SP,1325522
3541406,Presidente Prudente - SP,9242189
3541505,Presidente Venceslau - SP,823130
3541604,Promissão - SP,2115365
3541653,Quadra - SP,144523
3541703,Quatá - SP,821159
3541802,Queiroz - SP,684733
3541901,Queluz - SP,388523
3542008,Quintana - SP,276284
3542107,Rafard - SP,442883
3542206,Rancharia - SP,1381836
3542305,Redenção da Serra - SP,66825
3542404,Regente Feijó - SP,983725
3542503,Reginópolis - SP,184875
3542602,Registro - SP,2357409
3542701,Restinga - SP,211752
3542800,Ribeira - SP,62081
3542909,Ribeirão Bonito - SP,371778
3543006,Ribeirão Branco - SP,595499
3543105,Ribeirão Corrente - SP,319058
3543204,Ribeirão do Sul - SP,224363
3543238,Ribeirão dos Índios - SP,47001
3543253,Ribeirão Grande - SP,116992
3543303,Ribeirão Pires - SP,3891003
3543402,Ribeirão Preto - SP,39955306
3543501,Riversul - SP,92796
3543600,Rifaina - SP,191158
3543709,Rincão - SP,226043
3543808,Rinópolis - SP,349026
3543907,Rio Claro - SP,13245336
3544004,Rio das Pedras - SP,1787681
3544103,Rio Grande da Serra - SP,960727
3544202,Riolândia - SP,268963
3544251,Rosana - SP,1941772
3544301,Roseira - SP,374786
3544400,Rubiácea - SP,78950
3544509,Rubinéia - SP,102857
3544608,Sabino - SP,175476
3544707,Sagres - SP,54769
3544806,Sales - SP,169480
3544905,Sales Oliveira - SP,417237
3545001,Salesópolis - SP,251752
3545100,Salmourão - SP,96895
3545159,Saltinho - SP,377871
3545209,Salto - SP,9303487
3545308,Salto de Pirapora - SP,2221477
3545407,Salto Grande - SP,273943
3545506,Sandovalina - SP,318810
3545605,Santa Adélia - SP,382546
3545704,Santa Albertina - SP,214791
3545803,Santa Bárbara d'Oeste - SP,7825507
3546009,Santa Branca - SP,312819
3546108,Santa Clara d'Oeste - SP,96783
3546207,Santa Cruz da Conceição - SP,161651
3546256,Santa Cruz da Esperança - SP,63457
3546306,Santa Cruz das Palmeiras - SP,655974
3546405,Santa Cruz do Rio Pardo - SP,2786906
3546504,Santa Ernestina - SP,104373
3546603,Santa Fé do Sul - SP,1344881
3546702,Santa Gertrudes - SP,3895818
3546801,Santa Isabel - SP,1658733
3546900,Santa Lúcia - SP,131128
3547007,Santa Maria da Serra - SP,153024
3547106,Santa Mercedes - SP,69068
3547205,Santana da Ponte Pensa - SP,39913
3547304,Santana de Parnaíba - SP,11544903
3547403,Santa Rita d'Oeste - SP,68135
3547502,Santa Rita do Passa Quatro - SP,825835
3547601,Santa Rosa de Viterbo - SP,833444
3547650,Santa Salete - SP,42106
3547700,Santo Anastácio - SP,555801
3547809,Santo André - SP,32620295
3547908,Santo Antônio da Alegria - SP,211522
3548005,Santo Antônio de Posse - SP,1870734
3548054,Santo Antônio do Aracanguá - SP,289678
3548104,Santo Antônio do Jardim - SP,222833
3548203,Santo Antônio do Pinhal - SP,148429
3548302,Santo Expedito - SP,47273
3548401,Santópolis do Aguapeí - SP,80653
3548500,Santos - SP,24090173
3548609,São Bento do Sapucaí - SP,406647
3548708,São Bernardo do Campo - SP,58277014
3548807,São Caetano do Sul - SP,15566768
3548906,São Carlos - SP,14141854
3549003,São Francisco - SP,51168
3549102,São João da Boa Vista - SP,4135190
3549201,São João das Duas Pontes - SP,52612
3549250,São João de Iracema - SP,51478
3549300,São João do Pau d'Alho - SP,58493
3549409,São Joaquim da Barra - SP,2191086
3549508,São José da Bela Vista - SP,231517
3549607,São José do Barreiro - SP,63347
3549706,São José do Rio Pardo - SP,2375167
3549805,São José do Rio Preto - SP,20962615
3549904,São José dos Campos - SP,45208808
3549953,São Lourenço da Serra - SP,285412
3550001,São Luiz do Paraitinga - SP,204219
3550100,São Manuel - SP,1340317
3550209,São Miguel Arcanjo - SP,954225
3550308,São Paulo - SP,828980747
3550407,São Pedro - SP,886336
3550506,São Pedro do Turvo - SP,234365
3550605,São Roque - SP,3450779
3550704,São Sebastião - SP,16008645
3550803,São Sebastião da Grama - SP,428492
3550902,São Simão - SP,501327
3551009,São Vicente - SP,6121259
3551108,Sarapuí - SP,203911
3551207,Sarutaiá - SP,96558
3551306,Sebastianópolis do Sul - SP,417499
3551405,Serra Azul - SP,195523
3551504,Serrana - SP,1349050
3551603,Serra Negra - SP,845122
3551702,Sertãozinho - SP,7109022
3551801,Sete Barras - SP,379170
3551900,Severínia - SP,271912
3552007,Silveiras - SP,92559
3552106,Socorro - SP,1120219
3552205,Sorocaba - SP,44533398
3552304,Sud Mennucci - SP,226784
3552403,Sumaré - SP,16179892
3552502,Suzano - SP,14811514
3552551,Suzanápolis - SP,341981
3552601,Tabapuã - SP,287137
3552700,Tabatinga - SP,340423
3552809,Taboão da Serra - SP,10291072
3552908,Taciba - SP,186412
3553005,Taguaí - SP,343428
3553104,Taiaçu - SP,109907
3553203,Taiúva - SP,139651
3553302,Tambaú - SP,700419
3553401,Tanabi - SP,1323570
3553500,Tapiraí - SP,185138
3553609,Tapiratiba - SP,301185
3553658,Taquaral - SP,46862
3553708,Taquaritinga - SP,1660014
3553807,Taquarituba - SP,988152
3553856,Taquarivaí - SP,367324
3553906,Tarabai - SP,168350
3553955,Tarumã - SP,897036
3554003,Tatuí - SP,5076193
3554102,Taubaté - SP,16199986
3554201,Tejupá - SP,138116
3554300,Teodoro Sampaio - SP,627028
3554409,Terra Roxa - SP,174935
3554508,Tietê - SP,2158402
3554607,Timburi - SP,66301
3554656,Torre de Pedra - SP,37757
3554706,Torrinha - SP,284592
3554755,Trabiju - SP,44920
3554805,Tremembé - SP,896634
3554904,Três Fronteiras - SP,122036
3554953,Tuiuti - SP,181790
3555000,Tupã - SP,2213337
3555109,Tupi Paulista - SP,340357
3555208,Turiúba - SP,56425
3555307,Turmalina - SP,73692
3555356,Ubarana - SP,212639
3555406,Ubatuba - SP,2705941
3555505,Ubirajara - SP,114468
3555604,Uchoa - SP,401841
3555703,União Paulista - SP,57595
3555802,Urânia - SP,286014
3555901,Uru - SP,46392
3556008,Urupês - SP,483325
3556107,Valentim Gentil - SP,437546
3556206,Valinhos - SP,7969200
3556305,Valparaíso - SP,1236297
3556354,Vargem - SP,153401
3556404,Vargem Grande do Sul - SP,1287339
3556453,Vargem Grande Paulista - SP,2898203
3556503,Várzea Paulista - SP,3965839
3556602,Vera Cruz - SP,240193
3556701,Vinhedo - SP,12557909
3556800,Viradouro - SP,443704
3556909,Vista Alegre do Alto - SP,425058
3556958,Vitória Brasil - SP,45179
3557006,Votorantim - SP,3919236
3557105,Votuporanga - SP,3862540
3557154,Zacarias - SP,130189
3557204,Chavantes - SP,266345
3557303,Estiva Gerbi - SP,389432
4100103,Abatiá - PR,221817
4100202,Adrianópolis - PR,368854
4100301,Agudos do Sul - PR,216904
4100400,Almirante Tamandaré - PR,1936255
4100459,Altamira do Paraná - PR,96207
4100509,Altônia - PR,462493
4100608,Alto Paraná - PR,436261
4100707,Alto Piquiri - PR,410780
4100806,Alvorada do Sul - PR,338359
4100905,Amaporã - PR,121114
4101002,Ampére - PR,750364
4101051,Anahy - PR,115042
4101101,Andirá - PR,816503
4101150,Ângulo - PR,154197
4101200,Antonina - PR,700871
4101309,Antônio Olinto - PR,233345
4101408,Apucarana - PR,3874080
4101507,Arapongas - PR,4953989
4101606,Arapoti - PR,1447431
4101655,Arapuã - PR,152146
4101705,Araruna - PR,547353
4101804,Araucária - PR,25266761
4101853,Ariranha do Ivaí - PR,128974
4101903,Assaí - PR,539552
4102000,Assis Chateaubriand - PR,1633260
4102109,Astorga - PR,882920
4102208,Atalaia - PR,177304
4102307,Balsa Nova - PR,926185
4102406,Bandeirantes - PR,1033468
4102505,Barbosa Ferraz - PR,299363
4102604,Barracão - PR,264230
4102703,Barra do Jacaré - PR,150148
4102752,Bela Vista da Caroba - PR,106924
4102802,Bela Vista do Paraíso - PR,523791
4102901,Bituruna - PR,552342
4103008,Boa Esperança - PR,285689
4103024,Boa Esperança do Iguaçu - PR,142607
4103040,Boa Ventura de São Roque - PR,361490
4103057,Boa Vista da Aparecida - PR,185315
4103107,Bocaiúva do Sul - PR,280327
4103156,Bom Jesus do Sul - PR,115670
4103206,Bom Sucesso - PR,157269
4103222,Bom Sucesso do Sul - PR,300056
4103305,Borrazópolis - PR,245673
4103354,Braganey - PR,241526
4103370,Brasilândia do Sul - PR,275949
4103404,Cafeara - PR,114049
4103453,Cafelândia - PR,1949226
4103479,Cafezal do Sul - PR,148983
4103503,Califórnia - PR,253205
4103602,Cambará - PR,819036
4103701,Cambé - PR,5029902
4103800,Cambira - PR,280211
4103909,Campina da Lagoa - PR,578373
4103958,Campina do Simão - PR,150370
4104006,Campina Grande do Sul - PR,2176024
4104055,Campo Bonito - PR,224661
4104105,Campo do Tenente - PR,261270
4104204,Campo Largo - PR,5733187
4104253,Campo Magro - PR,541601
4104303,Campo Mourão - PR,5147310
4104402,Cândido de Abreu - PR,421637
4104428,Candói - PR,850048
4104451,Cantagalo - PR,335944
4104501,Capanema - PR,1106692
4104600,Capitão Leônidas Marques - PR,1255526
4104659,Carambeí - PR,1578833
4104709,Carlópolis - PR,458638
4104808,Cascavel - PR,15786905
4104907,Castro - PR,3631156
4105003,Catanduvas - PR,355951
4105102,Centenário do Sul - PR,440499
4105201,Cerro Azul - PR,405086
4105300,Céu Azul - PR,942758
4105409,Chopinzinho - PR,909271
4105508,Cianorte - PR,3039716
4105607,Cidade Gaúcha - PR,431473
4105706,Clevelândia - PR,837980
4105805,Colombo - PR,5693870
4105904,Colorado - PR,796267
4106001,Congonhinhas - PR,285617
4106100,Conselheiro Mairinck - PR,152425
4106209,Contenda - PR,557577
4106308,Corbélia - PR,1064177
4106407,Cornélio Procópio - PR,1812202
4106456,Coronel Domingos Soares - PR,323716
4106506,Coronel Vivida - PR,887309
4106555,Corumbataí do Sul - PR,87683
4106571,Cruzeiro do Iguaçu - PR,177173
4106605,Cruzeiro do Oeste - PR,859368
4106704,Cruzeiro do Sul - PR,205351
4106803,Cruz Machado - PR,505066
4106852,Cruzmaltina - PR,151165
4106902,Curitiba - PR,98000491
4107009,Curiúva - PR,276029
4107108,Diamante do Norte - PR,298207
4107124,Diamante do Sul - PR,74736
4107157,Diamante D'Oeste - PR,128031
4107207,Dois Vizinhos - PR,2026447
4107256,Douradina - PR,841228
4107306,Doutor Camargo - PR,200365
4107405,Enéas Marques - PR,311321
4107504,Engenheiro Beltrão - PR,566606
4107520,Esperança Nova - PR,65236
4107538,Entre Rios do Oeste - PR,313143
4107546,Espigão Alto do Iguaçu - PR,162811
4107553,Farol - PR,215732
4107603,Faxinal - PR,500122
4107652,Fazenda Rio Grande - PR,3322418
4107702,Fênix - PR,212862
4107736,Fernandes Pinheiro - PR,253838
4107751,Figueira - PR,161492
4107801,Floraí - PR,239257
4107850,Flor da Serra do Sul - PR,182643
4107900,Floresta - PR,271124
4108007,Florestópolis - PR,400285
4108106,Flórida - PR,80573
4108205,Formosa do Oeste - PR,370767
4108304,Foz do Iguaçu - PR,18969029
4108320,Francisco Alves - PR,290544
4108403,Francisco Beltrão - PR,3694539
4108452,Foz do Jordão - PR,184044
4108502,General Carneiro - PR,445472
4108551,Godoy Moreira - PR,72426
4108601,Goioerê - PR,1074370
4108650,Goioxim - PR,309145
4108700,Grandes Rios - PR,172728
4108809,Guaíra - PR,1139934
4108908,Guairaçá - PR,273736
4108957,Guamiranga - PR,295065
4109005,Guapirama - PR,176952
4109104,Guaporema - PR,78139
4109203,Guaraci - PR,223863
4109302,Guaraniaçu - PR,512014
4109401,Guarapuava - PR,8309024
4109500,Guaraqueçaba - PR,118152
4109609,Guaratuba - PR,982125
4109658,Honório Serpa - PR,298546
4109708,Ibaiti - PR,878434
4109757,Ibema - PR,182341
4109807,Ibiporã - PR,3313394
4109906,Icaraíma - PR,249550
4110003,Iguaraçu - PR,212505
4110052,Iguatu - PR,83996
4110078,Imbaú - PR,276156
4110102,Imbituva - PR,1290790
4110201,Inácio Martins - PR,265709
4110300,Inajá - PR,58312
4110409,Indianópolis - PR,507444
4110508,Ipiranga - PR,615190
4110607,Iporã - PR,597062
4110656,Iracema do Oeste - PR,194366
4110706,Irati - PR,2286211
4110805,Iretama - PR,354163
4110904,Itaguajé - PR,121778
4110953,Itaipulândia - PR,524784
4111001,Itambaracá - PR,223622
4111100,Itambé - PR,228333
4111209,Itapejara d'Oeste - PR,753014
4111258,Itaperuçu - PR,626927
4111308,Itaúna do Sul - PR,87750
4111407,Ivaí - PR,497707
4111506,Ivaiporã - PR,947821
4111555,Ivaté - PR,203930
4111605,Ivatuba - PR,143593
4111704,Jaboti - PR,160051
4111803,Jacarezinho - PR,1598029
4111902,Jaguapitã - PR,1049382
4112009,Jaguariaíva - PR,1788853
4112108,Jandaia do Sul - PR,790155
4112207,Janiópolis - PR,241936
4112306,Japira - PR,163418
4112405,Japurá - PR,321178
4112504,Jardim Alegre - PR,374099
4112603,Jardim Olinda - PR,57044
4112702,Jataizinho - PR,282676
4112751,Jesuítas - PR,441972
4112801,Joaquim Távora - PR,680977
4112900,Jundiaí do Sul - PR,128060
4112959,Juranda - PR,440931
4113007,Jussara - PR,405133
4113106,Kaloré - PR,165650
4113205,Lapa - PR,2841179
4113254,Laranjal - PR,113016
4113304,Laranjeiras do Sul - PR,1027729
4113403,Leópolis - PR,227372
4113429,Lidianópolis - PR,125681
4113452,Lindoeste - PR,200871
4113502,Loanda - PR,697950
4113601,Lobato - PR,215564
4113700,Londrina - PR,23603698
4113734,Luiziana - PR,546858
4113759,Lunardelli - PR,142210
4113809,Lupionópolis - PR,131498
4113908,Mallet - PR,758397
4114005,Mamborê - PR,793177
4114104,Mandaguaçu - PR,687733
4114203,Mandaguari - PR,1835706
4114302,Mandirituba - PR,665013
4114351,Manfrinópolis - PR,81472
4114401,Mangueirinha - PR,1773268
4114500,Manoel Ribas - PR,531488
4114609,Marechal Cândido Rondon - PR,2923749
4114708,Maria Helena - PR,134443
4114807,Marialva - PR,2654433
4114906,Marilândia do Sul - PR,466433
4115002,Marilena - PR,174490
4115101,Mariluz - PR,284359
4115200,Maringá - PR,22655738
4115309,Mariópolis - PR,439911
4115358,Maripá - PR,478110
4115408,Marmeleiro - PR,635104
4115457,Marquinho - PR,111454
4115507,Marumbi - PR,103451
4115606,Matelândia - PR,1096366
4115705,Matinhos - PR,892232
4115739,Mato Rico - PR,123187
4115754,Mauá da Serra - PR,373698
4115804,Medianeira - PR,2442040
4115853,Mercedes - PR,278211
4115903,Mirador - PR,126635
4116000,Miraselva - PR,52324
4116059,Missal - PR,466420
4116109,Moreira Sales - PR,306144
4116208,Morretes - PR,389211
4116307,Munhoz de Melo - PR,136929
4116406,Nossa Senhora das Graças - PR,99515
4116505,Nova Aliança do Ivaí - PR,51926
4116604,Nova América da Colina - PR,97600
4116703,Nova Aurora - PR,819755
4116802,Nova Cantu - PR,348087
4116901,Nova Esperança - PR,943181
4116950,Nova Esperança do Sudoeste - PR,164792
4117008,Nova Fátima - PR,314928
4117057,Nova Laranjeiras - PR,308284
4117107,Nova Londrina - PR,442935
4117206,Nova Olímpia - PR,109207
4117214,Nova Santa Bárbara - PR,110742
4117222,Nova Santa Rosa - PR,439747
4117255,Nova Prata do Iguaçu - PR,492498
4117271,Nova Tebas - PR,189788
4117297,Novo Itacolomi - PR,91407
4117305,Ortigueira - PR,2726430
4117404,Ourizona - PR,166696
4117453,Ouro Verde do Oeste - PR,318622
4117503,Paiçandu - PR,1057696
4117602,Palmas - PR,1616525
4117701,Palmeira - PR,1642026
4117800,Palmital - PR,330837
4117909,Palotina - PR,2815815
4118006,Paraíso do Norte - PR,377239
4118105,Paranacity - PR,325522
4118204,Paranaguá - PR,13646908
4118303,Paranapoema - PR,92021
4118402,Paranavaí - PR,3179798
4118451,Pato Bragado - PR,243483
4118501,Pato Branco - PR,4548086
4118600,Paula Freitas - PR,439962
4118709,Paulo Frontin - PR,396724
4118808,Peabiru - PR,454229
4118857,Perobal - PR,281883
4118907,Pérola - PR,359685
4119004,Pérola d'Oeste - PR,237952
4119103,Piên - PR,919729
4119152,Pinhais - PR,7962954
4119202,Pinhalão - PR,251475
4119251,Pinhal de São Bento - PR,80246
4119301,Pinhão - PR,1794773
4119400,Piraí do Sul - PR,1191670
4119509,Piraquara - PR,1543847
4119608,Pitanga - PR,1140790
4119657,Pitangueiras - PR,121843
4119707,Planaltina do Paraná - PR,103914
4119806,Planalto - PR,425326
4119905,Ponta Grossa - PR,19490249
4119954,Pontal do Paraná - PR,653317
4120002,Porecatu - PR,554196
4120101,Porto Amazonas - PR,163131
4120150,Porto Barreiro - PR,170013
4120200,Porto Rico - PR,108611
4120309,Porto Vitória - PR,98738
4120333,Prado Ferreira - PR,170927
4120358,Pranchita - PR,329443
4120408,Presidente Castelo Branco - PR,147400
4120507,Primeiro de Maio - PR,371262
4120606,Prudentópolis - PR,1571730
4120655,Quarto Centenário - PR,363003
4120705,Quatiguá - PR,212114
4120804,Quatro Barras - PR,1941120
4120853,Quatro Pontes - PR,253567
4120903,Quedas do Iguaçu - PR,1466517
4121000,Querência do Norte - PR,261216
4121109,Quinta do Sol - PR,257471
4121208,Quitandinha - PR,509137
4121257,Ramilândia - PR,113774
4121307,Rancho Alegre - PR,185651
4121356,Rancho Alegre D'Oeste - PR,234807
4121406,Realeza - PR,743082
4121505,Rebouças - PR,536432
4121604,Renascença - PR,422523
4121703,Reserva - PR,757378
4121752,Reserva do Iguaçu - PR,260028
4121802,Ribeirão Claro - PR,383691
4121901,Ribeirão do Pinhal - PR,338041
4122008,Rio Azul - PR,729564
4122107,Rio Bom - PR,104362
4122156,Rio Bonito do Iguaçu - PR,441514
4122172,Rio Branco do Ivaí - PR,115554
4122206,Rio Branco do Sul - PR,1375599
4122305,Rio Negro - PR,1298354
4122404,Rolândia - PR,3574945
4122503,Roncador - PR,598091
4122602,Rondon - PR,350064
4122651,Rosário do Ivaí - PR,129868
4122701,Sabáudia - PR,705318
4122800,Salgado Filho - PR,124341
4122909,Salto do Itararé - PR,103656
4123006,Salto do Lontra - PR,529891
4123105,Santa Amélia - PR,100856
4123204,Santa Cecília do Pavão - PR,153510
4123303,Santa Cruz de Monte Castelo - PR,375096
4123402,Santa Fé - PR,319674
4123501,Santa Helena - PR,1465191
4123600,Santa Inês - PR,51485
4123709,Santa Isabel do Ivaí - PR,253123
4123808,Santa Izabel do Oeste - PR,466992
4123824,Santa Lúcia - PR,140108
4123857,Santa Maria do Oeste - PR,267310
4123907,Santa Mariana - PR,493066
4123956,Santa Mônica - PR,91009
4124004,Santana do Itararé - PR,171601
4124020,Santa Tereza do Oeste - PR,582095
4124053,Santa Terezinha de Itaipu - PR,687337
4124103,Santo Antônio da Platina - PR,1505597
4124202,Santo Antônio do Caiuá - PR,54056
4124301,Santo Antônio do Paraíso - PR,106892
4124400,Santo Antônio do Sudoeste - PR,648290
4124509,Santo Inácio - PR,532112
4124608,São Carlos do Ivaí - PR,396026
4124707,São Jerônimo da Serra - PR,322891
4124806,São João - PR,890618
4124905,São João do Caiuá - PR,154592
4125001,São João do Ivaí - PR,361197
4125100,São João do Triunfo - PR,579555
4125209,São Jorge d'Oeste - PR,473334
4125308,São Jorge do Ivaí - PR,401315
4125357,São Jorge do Patrocínio - PR,145367
4125407,São José da Boa Vista - PR,229785
4125456,São José das Palmeiras - PR,99024
4125506,São José dos Pinhais - PR,27008910
4125555,São Manoel do Paraná - PR,62338
4125605,São Mateus do Sul - PR,1516858
4125704,São Miguel do Iguaçu - PR,1470081
4125753,São Pedro do Iguaçu - PR,247154
4125803,São Pedro do Ivaí - PR,370121
4125902,São Pedro do Paraná - PR,90323
4126009,São Sebastião da Amoreira - PR,300152
4126108,São Tomé - PR,163463
4126207,Sapopema - PR,153880
4126256,Sarandi - PR,2072735
4126272,Saudade do Iguaçu - PR,786318
4126306,Sengés - PR,664790
4126355,Serranópolis do Iguaçu - PR,291329
4126405,Sertaneja - PR,416451
4126504,Sertanópolis - PR,690780
4126603,Siqueira Campos - PR,706556
4126652,Sulina - PR,158520
4126678,Tamarana - PR,391581
4126702,Tamboara - PR,126316
4126801,Tapejara - PR,496650
4126900,Tapira - PR,153423
4127007,Teixeira Soares - PR,616404
4127106,Telêmaco Borba - PR,4913441
4127205,Terra Boa - PR,569416
4127304,Terra Rica - PR,376155
4127403,Terra Roxa - PR,896105
4127502,Tibagi - PR,1440060
4127601,Tijucas do Sul - PR,576384
4127700,Toledo - PR,7482190
4127809,Tomazina - PR,324156
4127858,Três Barras do Paraná - PR,435956
4127882,Tunas do Paraná - PR,144129
4127908,Tuneiras do Oeste - PR,233721
4127957,Tupãssi - PR,431427
4127965,Turvo - PR,601622
4128005,Ubiratã - PR,1713942
4128104,Umuarama - PR,4103610
4128203,União da Vitória - PR,1959155
4128302,Uniflor - PR,99878
4128401,Uraí - PR,367846
4128500,Wenceslau Braz - PR,711221
4128534,Ventania - PR,347603
4128559,Vera Cruz do Oeste - PR,341108
4128609,Verê - PR,499728
4128625,Alto Paraíso - PR,113661
4128633,Doutor Ulysses - PR,99207
4128658,Virmond - PR,189728
4128708,Vitorino - PR,498334
4128807,Xambrê - PR,119631
4200051,Abdon Batista - SC,75131
4200101,Abelardo Luz - SC,785908
4200200,Agrolândia - SC,396148
4200309,Agronômica - SC,232893
4200408,Água Doce - SC,651092
4200507,Águas de Chapecó - SC,137707
4200556,Águas Frias - SC,163075
4200606,Águas Mornas - SC,199590
4200705,Alfredo Wagner - SC,336469
4200754,Alto Bela Vista - SC,78996
4200804,Anchieta - SC,203805
4200903,Angelina - SC,174561
4201000,Anita Garibaldi - SC,231507
4201109,Anitápolis - SC,84568
4201208,Antônio Carlos - SC,796531
4201257,Apiúna - SC,442460
4201273,Arabutã - SC,284414
4201307,Araquari - SC,7488000
4201406,Araranguá - SC,2385270
4201505,Armazém - SC,272106
4201604,Arroio Trinta - SC,125953
4201653,Arvoredo - SC,203872
4201703,Ascurra - SC,244991
4201802,Atalanta - SC,125981
4201901,Aurora - SC,406918
4201950,Balneário Arroio do Silva - SC,221907
4202008,Balneário Camboriú - SC,7358669
4202057,Balneário Barra do Sul - SC,254639
4202073,Balneário Gaivota - SC,216995
4202081,Bandeirante - SC,102212
4202099,Barra Bonita - SC,52281
4202107,Barra Velha - SC,2372445
4202131,Bela Vista do Toldo - SC,196847
4202156,Belmonte - SC,57652
4202206,Benedito Novo - SC,470160
4202305,Biguaçu - SC,2670278
4202404,Blumenau - SC,20579490
4202438,Bocaina do Sul - SC,135898
4202453,Bombinhas - SC,877594
4202503,Bom Jardim da Serra - SC,371658
4202537,Bom Jesus - SC,159057
4202578,Bom Jesus do Oeste - SC,73702
4202602,Bom Retiro - SC,422363
4202701,Botuverá - SC,430641
4202800,Braço do Norte - SC,1745017
4202859,Braço do Trombudo - SC,250151
4202875,Brunópolis - SC,137959
4202909,Brusque - SC,8724534
4203006,Caçador - SC,4703416
4203105,Caibi - SC,316775
4203154,Calmon - SC,97691
4203204,Camboriú - SC,2242672
4203253,Capão Alto - SC,235019
4203303,Campo Alegre - SC,699703
4203402,Campo Belo do Sul - SC,333024
4203501,Campo Erê - SC,437829
4203600,Campos Novos - SC,2610347
4203709,Canelinha - SC,295662
4203808,Canoinhas - SC,2203147
4203907,Capinzal - SC,1070740
4203956,Capivari de Baixo - SC,1348603
4204004,Catanduvas - SC,530881
4204103,Caxambu do Sul - SC,164148
4204152,Celso Ramos - SC,65903
4204178,Cerro Negro - SC,141416
4204194,Chapadão do Lageado - SC,97932
4204202,Chapecó - SC,13694780
4204251,Cocal do Sul - SC,888493
4204301,Concórdia - SC,4559829
4204350,Cordilheira Alta - SC,434573
4204400,Coronel Freitas - SC,381583
4204459,Coronel Martins - SC,57378
4204509,Corupá - SC,797605
4204558,Correia Pinto - SC,591364
4204608,Criciúma - SC,10065323
4204707,Cunha Porã - SC,927562
4204756,Cunhataí - SC,66625
4204806,Curitibanos - SC,1875348
4204905,Descanso - SC,299006
4205001,Dionísio Cerqueira - SC,636297
4205100,Dona Emma - SC,165733
4205159,Doutor Pedrinho - SC,175716
4205175,Entre Rios - SC,60606
4205191,Ermo - SC,176552
4205209,Erval Velho - SC,183149
4205308,Faxinal dos Guedes - SC,758371
4205357,Flor do Sertão - SC,64278
4205407,Florianópolis - SC,23559947
4205431,Formosa do Sul - SC,78637
4205456,Forquilhinha - SC,1224548
4205506,Fraiburgo - SC,1273659
4205555,Frei Rogério - SC,102098
4205605,Galvão - SC,99963
4205704,Garopaba - SC,773365
4205803,Garuva - SC,2033242
4205902,Gaspar - SC,4157383
4206009,Governador Celso Ramos - SC,449768
4206108,Grão-Pará - SC,329166
4206207,Gravatal - SC,387304
4206306,Guabiruba - SC,1262926
4206405,Guaraciaba - SC,454637
4206504,Guaramirim - SC,2514410
4206603,Guarujá do Sul - SC,202565
4206652,Guatambú - SC,354999
4206702,Herval d'Oeste - SC,624023
4206751,Ibiam - SC,75608
4206801,Ibicaré - SC,145418
4206900,Ibirama - SC,599219
4207007,Içara - SC,3521710
4207106,Ilhota - SC,1215356
4207205,Imaruí - SC,252843
4207304,Imbituba - SC,2502978
4207403,Imbuia - SC,260687
4207502,Indaial - SC,3675993
4207577,Iomerê - SC,227780
4207601,Ipira - SC,107135
4207650,Iporã do Oeste - SC,381311
4207684,Ipuaçu - SC,321243
4207700,Ipumirim - SC,465730
4207759,Iraceminha - SC,133806
4207809,Irani - SC,282690
4207858,Irati - SC,56619
4207908,Irineópolis - SC,458977
4208005,Itá - SC,404732
4208104,Itaiópolis - SC,1047675
4208203,Itajaí - SC,47757207
4208302,Itapema - SC,2889464
4208401,Itapiranga - SC,1064833
4208450,Itapoá - SC,1688955
4208500,Ituporanga - SC,1399717
4208609,Jaborá - SC,181354
4208708,Jacinto Machado - SC,529785
4208807,Jaguaruna - SC,852029
4208906,Jaraguá do Sul - SC,12053539
4208955,Jardinópolis - SC,67321
4209003,Joaçaba - SC,2381234
4209102,Joinville - SC,45074735
4209151,José Boiteux - SC,130477
4209177,Jupiá - SC,88240
4209201,Lacerdópolis - SC,137761
4209300,Lages - SC,6577420
4209409,Laguna - SC,1093923
4209458,Lajeado Grande - SC,59139
4209508,Laurentino - SC,444804
4209607,Lauro Müller - SC,418821
4209706,Lebon Régis - SC,416800
4209805,Leoberto Leal - SC,119785
4209854,Lindóia do Sul - SC,151920
4209904,Lontras - SC,466218
4210001,Luiz Alves - SC,792775
4210035,Luzerna - SC,292995
4210050,Macieira - SC,59147
4210100,Mafra - SC,2490227
4210209,Major Gercino - SC,62144
4210308,Major Vieira - SC,300319
4210407,Maracajá - SC,273081
4210506,Maravilha - SC,1794179
4210555,Marema - SC,97312
4210605,Massaranduba - SC,751874
4210704,Matos Costa - SC,62590
4210803,Meleiro - SC,340386
4210852,Mirim Doce - SC,89444
4210902,Modelo - SC,170306
4211009,Mondaí - SC,1089189
4211058,Monte Carlo - SC,233427
4211108,Monte Castelo - SC,237437
4211207,Morro da Fumaça - SC,922592
4211256,Morro Grande - SC,145130
4211306,Navegantes - SC,6143029
4211405,Nova Erechim - SC,248377
4211454,Nova Itaberaba - SC,189439
4211504,Nova Trento - SC,691559
4211603,Nova Veneza - SC,1074610
4211652,Novo Horizonte - SC,119844
4211702,Orleans - SC,1188044
4211751,Otacílio Costa - SC,998100
4211801,Ouro - SC,252631
4211850,Ouro Verde - SC,137266
4211876,Paial - SC,58314
4211892,Painel - SC,84941
4211900,Palhoça - SC,8210037
4212007,Palma Sola - SC,332287
4212056,Palmeira - SC,187897
4212106,Palmitos - SC,913813
4212205,Papanduva - SC,853826
4212239,Paraíso - SC,143301
4212254,Passo de Torres - SC,237368
4212270,Passos Maia - SC,175185
4212304,Paulo Lopes - SC,250073
4212403,Pedras Grandes - SC,243931
4212502,Penha - SC,1037153
4212601,Peritiba - SC,120957
4212650,Pescaria Brava - SC,119468
4212700,Petrolândia - SC,223564
4212809,Balneário Piçarras - SC,1513947
4212908,Pinhalzinho - SC,1514219
4213005,Pinheiro Preto - SC,227282
4213104,Piratuba - SC,801159
4213153,Planalto Alegre - SC,141935
4213203,Pomerode - SC,2806453
4213302,Ponte Alta - SC,175776
4213351,Ponte Alta do Norte - SC,166641
4213401,Ponte Serrada - SC,291075
4213500,Porto Belo - SC,1472149
4213609,Porto União - SC,1149833
4213708,Pouso Redondo - SC,719081
4213807,Praia Grande - SC,223279
4213906,Presidente Castello Branco - SC,75923
4214003,Presidente Getúlio - SC,985125
4214102,Presidente Nereu - SC,62744
4214151,Princesa - SC,135911
4214201,Quilombo - SC,462642
4214300,Rancho Queimado - SC,165751
4214409,Rio das Antas - SC,288090
4214508,Rio do Campo - SC,212941
4214607,Rio do Oeste - SC,276136
4214706,Rio dos Cedros - SC,475005
4214805,Rio do Sul - SC,3690347
4214904,Rio Fortuna - SC,302785
4215000,Rio Negrinho - SC,1614643
4215059,Rio Rufino - SC,70066
4215075,Riqueza - SC,147665
4215109,Rodeio - SC,390081
4215208,Romelândia - SC,111333
4215307,Salete - SC,318174
4215356,Saltinho - SC,93630
4215406,Salto Veloso - SC,266923
4215455,Sangão - SC,466692
4215505,Santa Cecília - SC,662060
4215554,Santa Helena - SC,103613
4215604,Santa Rosa de Lima - SC,72830
4215653,Santa Rosa do Sul - SC,199094
4215679,Santa Terezinha - SC,268988
4215687,Santa Terezinha do Progresso - SC,65119
4215695,Santiago do Sul - SC,48482
4215703,Santo Amaro da Imperatriz - SC,1256507
4215752,São Bernardino - SC,88164
4215802,São Bento do Sul - SC,4697511
4215901,São Bonifácio - SC,112432
4216008,São Carlos - SC,520825
4216057,São Cristóvão do Sul - SC,219812
4216107,São Domingos - SC,450004
4216206,São Francisco do Sul - SC,8516615
4216255,São João do Oeste - SC,353230
4216305,São João Batista - SC,1029819
4216354,São João do Itaperiú - SC,338152
4216404,São João do Sul - SC,282920
4216503,São Joaquim - SC,1133378
4216602,São José - SC,13840195
4216701,São José do Cedro - SC,568200
4216800,São José do Cerrito - SC,318824
4216909,São Lourenço do Oeste - SC,1389521
4217006,São Ludgero - SC,929265
4217105,São Martinho - SC,109266
4217154,São Miguel da Boa Vista - SC,50300
4217204,São Miguel do Oeste - SC,2174480
4217253,São Pedro de Alcântara - SC,101140
4217303,Saudades - SC,527168
4217402,Schroeder - SC,759499
4217501,Seara - SC,1178644
4217550,Serra Alta - SC,118038
4217600,Siderópolis - SC,679557
4217709,Sombrio - SC,910386
4217758,Sul Brasil - SC,83395
4217808,Taió - SC,844678
4217907,Tangará - SC,600872
4217956,Tigrinhos - SC,65554
4218004,Tijucas - SC,2438156
4218103,Timbé do Sul - SC,154885
4218202,Timbó - SC,2534741
4218251,Timbó Grande - SC,303296
4218301,Três Barras - SC,1522852
4218350,Treviso - SC,232257
4218400,Treze de Maio - SC,199732
4218509,Treze Tílias - SC,829532
4218608,Trombudo Central - SC,437965
4218707,Tubarão - SC,4817596
4218756,Tunápolis - SC,182316
4218806,Turvo - SC,737916
4218855,União do Oeste - SC,85132
4218905,Urubici - SC,356315
4218954,Urupema - SC,88459
4219002,Urussanga - SC,1087691
4219101,Vargeão - SC,201010
4219150,Vargem - SC,116146
4219176,Vargem Bonita - SC,539920
4219200,Vidal Ramos - SC,354849
4219309,Videira - SC,3456102
4219358,Vitor Meireles - SC,142288
4219408,Witmarsum - SC,175208
4219507,Xanxerê - SC,2639977
4219606,Xavantina - SC,211880
4219705,Xaxim - SC,1471922
4219853,Zortéa - SC,103657
4220000,Balneário Rincão - SC,294751
4300034,Aceguá - RS,458226
4300059,Água Santa - RS,547413
4300109,Agudo - RS,667877
4300208,Ajuricaba - RS,521060
4300307,Alecrim - RS,162073
4300406,Alegrete - RS,3079886
4300455,Alegria - RS,156623
4300471,Almirante Tamandaré do Sul - RS,276412
4300505,Alpestre - RS,196384
4300554,Alto Alegre - RS,106142
4300570,Alto Feliz - RS,161549
4300604,Alvorada - RS,3302273
4300638,Amaral Ferrador - RS,147633
4300646,Ametista do Sul - RS,177772
4300661,André da Rocha - RS,193090
4300703,Anta Gorda - RS,322293
4300802,Antônio Prado - RS,797513
4300851,Arambaré - RS,285089
4300877,Araricá - RS,236432
4300901,Aratiba - RS,946972
4301008,Arroio do Meio - RS,1536560
4301057,Arroio do Sal - RS,285580
4301073,Arroio do Padre - RS,76785
4301107,Arroio dos Ratos - RS,357348
4301206,Arroio do Tigre - RS,429273
4301305,Arroio Grande - RS,1131512
4301404,Arvorezinha - RS,336248
4301503,Augusto Pestana - RS,504184
4301552,Áurea - RS,163439
4301602,Bagé - RS,3748437
4301636,Balneário Pinhal - RS,312095
4301651,Barão - RS,308102
4301701,Barão de Cotegipe - RS,341674
4301750,Barão do Triunfo - RS,142319
4301800,Barracão - RS,317085
4301859,Barra do Guarita - RS,56812
4301875,Barra do Quaraí - RS,386183
4301909,Barra do Ribeiro - RS,507428
4301925,Barra do Rio Azul - RS,80748
4301958,Barra Funda - RS,165030
4302006,Barros Cassal - RS,244514
4302055,Benjamin Constant do Sul - RS,49314
4302105,Bento Gonçalves - RS,7498525
4302154,Boa Vista das Missões - RS,238522
4302204,Boa Vista do Buricá - RS,326887
4302220,Boa Vista do Cadeado - RS,468752
4302238,Boa Vista do Incra - RS,384174
4302253,Boa Vista do Sul - RS,120127
4302303,Bom Jesus - RS,613624
4302352,Bom Princípio - RS,906596
4302378,Bom Progresso - RS,86280
4302402,Bom Retiro do Sul - RS,403056
4302451,Boqueirão do Leão - RS,150395
4302501,Bossoroca - RS,490599
4302584,Bozano - RS,227410
4302600,Braga - RS,130949
4302659,Brochier - RS,117701
4302709,Butiá - RS,543351
4302808,Caçapava do Sul - RS,1122674
4302907,Cacequi - RS,623088
4303004,Cachoeira do Sul - RS,3542706
4303103,Cachoeirinha - RS,6458504
4303202,Cacique Doble - RS,169236
4303301,Caibaté - RS,264916
4303400,Caiçara - RS,149122
4303509,Camaquã - RS,2723674
4303558,Camargo - RS,520483
4303608,Cambará do Sul - RS,242578
4303673,Campestre da Serra - RS,204703
4303707,Campina das Missões - RS,239170
4303806,Campinas do Sul - RS,399404
4303905,Campo Bom - RS,3600083
4304002,Campo Novo - RS,325740
4304101,Campos Borges - RS,150034
4304200,Candelária - RS,1078191
4304309,Cândido Godói - RS,358438
4304358,Candiota - RS,2744010
4304408,Canela - RS,1595265
4304507,Canguçu - RS,1660011
4304606,Canoas - RS,21995418
4304614,Canudos do Vale - RS,67988
4304622,Capão Bonito do Sul - RS,342053
4304630,Capão da Canoa - RS,1966028
4304655,Capão do Cipó - RS,644965
4304663,Capão do Leão - RS,830088
4304671,Capivari do Sul - RS,386834
4304689,Capela de Santana - RS,298588
4304697,Capitão - RS,95379
4304705,Carazinho - RS,3846858
4304713,Caraá - RS,165661
4304804,Carlos Barbosa - RS,3529584
4304853,Carlos Gomes - RS,70447
4304903,Casca - RS,717921
4304952,Caseiros - RS,199197
4305009,Catuípe - RS,638112
4305108,Caxias do Sul - RS,31688552
4305116,Centenário - RS,120779
4305124,Cerrito - RS,161328
4305132,Cerro Branco - RS,90159
4305157,Cerro Grande - RS,74182
4305173,Cerro Grande do Sul - RS,203184
4305207,Cerro Largo - RS,796777
4305306,Chapada - RS,741828
4305355,Charqueadas - RS,1736983
4305371,Charrua - RS,149352
4305405,Chiapetta - RS,388836
4305439,Chuí - RS,370303
4305447,Chuvisca - RS,129741
4305454,Cidreira - RS,362063
4305504,Ciríaco - RS,264361
4305587,Colinas - RS,87210
4305603,Colorado - RS,338158
4305702,Condor - RS,624707
4305801,Constantina - RS,432350
4305835,Coqueiro Baixo - RS,52164
4305850,Coqueiros do Sul - RS,190145
4305871,Coronel Barros - RS,226126
4305900,Coronel Bicaco - RS,515154
4305934,Coronel Pilar - RS,49060
4305959,Cotiporã - RS,167929
4305975,Coxilha - RS,422465
4306007,Crissiumal - RS,508979
4306056,Cristal - RS,308908
4306072,Cristal do Sul - RS,94741
4306106,Cruz Alta - RS,4609397
4306130,Cruzaltense - RS,144764
4306205,Cruzeiro do Sul - RS,533004
4306304,David Canabarro - RS,229364
4306320,Derrubadas - RS,148408
4306353,Dezesseis de Novembro - RS,57175
4306379,Dilermando de Aguiar - RS,267902
4306403,Dois Irmãos - RS,2188545
4306429,Dois Irmãos das Missões - RS,199195
4306452,Dois Lajeados - RS,172602
4306502,Dom Feliciano - RS,356860
4306551,Dom Pedro de Alcântara - RS,65534
4306601,Dom Pedrito - RS,2210948
4306700,Dona Francisca - RS,106596
4306734,Doutor Maurício Cardoso - RS,260797
4306759,Doutor Ricardo - RS,78891
4306767,Eldorado do Sul - RS,2120269
4306809,Encantado - RS,1168358
4306908,Encruzilhada do Sul - RS,1080949
4306924,Engenho Velho - RS,73214
4306932,Entre-Ijuís - RS,687578
4306957,Entre Rios do Sul - RS,207517
4306973,Erebango - RS,180479
4307005,Erechim - RS,6882629
4307054,Ernestina - RS,265549
4307104,Herval - RS,253608
4307203,Erval Grande - RS,150883
4307302,Erval Seco - RS,353968
4307401,Esmeralda - RS,392860
4307450,Esperança do Sul - RS,116731
4307500,Espumoso - RS,1113106
4307559,Estação - RS,350708
4307609,Estância Velha - RS,1875498
4307708,Esteio - RS,3749900
4307807,Estrela - RS,2171447
4307815,Estrela Velha - RS,197415
4307831,Eugênio de Castro - RS,405444
4307864,Fagundes Varela - RS,197919
4307906,Farroupilha - RS,4398457
4308003,Faxinal do Soturno - RS,270106
4308052,Faxinalzinho - RS,103166
4308078,Fazenda Vilanova - RS,140824
4308102,Feliz - RS,589355
4308201,Flores da Cunha - RS,2538142
4308250,Floriano Peixoto - RS,103059
4308300,Fontoura Xavier - RS,227470
4308409,Formigueiro - RS,302801
4308433,Forquetinha - RS,58940
4308458,Fortaleza dos Valos - RS,564773
4308508,Frederico Westphalen - RS,1430611
4308607,Garibaldi - RS,2997969
4308656,Garruchos - RS,200967
4308706,Gaurama - RS,282773
4308805,General Câmara - RS,276374
4308854,Gentil - RS,190648
4308904,Getúlio Vargas - RS,793664
4309001,Giruá - RS,1202945
4309050,Glorinha - RS,461888
4309100,Gramado - RS,2658034
4309126,Gramado dos Loureiros - RS,94580
4309159,Gramado Xavier - RS,109483
4309209,Gravataí - RS,10261656
4309258,Guabiju - RS,132788
4309308,Guaíba - RS,8284825
4309407,Guaporé - RS,1149055
4309506,Guarani das Missões - RS,362625
4309555,Harmonia - RS,245497
4309571,Herveiras - RS,71143
4309605,Horizontina - RS,2608198
4309654,Hulha Negra - RS,314488
4309704,Humaitá - RS,229249
4309753,Ibarama - RS,112227
4309803,Ibiaçá - RS,367295
4309902,Ibiraiaras - RS,399693
4309951,Ibirapuitã - RS,213522
4310009,Ibirubá - RS,1722057
4310108,Igrejinha - RS,1888887
4310207,Ijuí - RS,5190405
4310306,Ilópolis - RS,140570
4310330,Imbé - RS,626823
4310363,Imigrante - RS,519190
4310405,Independência - RS,494166
4310413,Inhacorá - RS,110557
4310439,Ipê - RS,298583
4310462,Ipiranga do Sul - RS,177629
4310504,Iraí - RS,254492
4310538,Itaara - RS,286659
4310553,Itacurubi - RS,246287
4310579,Itapuca - RS,94235
4310603,Itaqui - RS,2186929
4310652,Itati - RS,86739
4310702,Itatiba do Sul - RS,81707
4310751,Ivorá - RS,71911
4310801,Ivoti - RS,1180387
4310850,Jaboticaba - RS,136730
4310876,Jacuizinho - RS,224027
4310900,Jacutinga - RS,232301
4311007,Jaguarão - RS,1059396
4311106,Jaguari - RS,378020
4311122,Jaquirana - RS,94042
4311130,Jari - RS,469006
4311155,Jóia - RS,975410
4311205,Júlio de Castilhos - RS,1925175
4311239,Lagoa Bonita do Sul - RS,68916
4311254,Lagoão - RS,154690
4311270,Lagoa dos Três Cantos - RS,157140
4311304,Lagoa Vermelha - RS,1513404
4311403,Lajeado - RS,5596183
4311429,Lajeado do Bugre - RS,74875
4311502,Lavras do Sul - RS,497629
4311601,Liberato Salzano - RS,172443
4311627,Lindolfo Collor - RS,365850
4311643,Linha Nova - RS,65579
4311700,Machadinho - RS,272824
4311718,Maçambará - RS,582043
4311734,Mampituba - RS,70214
4311759,Manoel Viana - RS,546972
4311775,Maquiné - RS,190484
4311791,Maratá - RS,80817
4311809,Marau - RS,3060022
4311908,Marcelino Ramos - RS,167825
4311981,Mariana Pimentel - RS,104496
4312005,Mariano Moro - RS,72888
4312054,Marques de Souza - RS,124135
4312104,Mata - RS,169006
4312138,Mato Castelhano - RS,168255
4312153,Mato Leitão - RS,180537
4312179,Mato Queimado - RS,88446
4312203,Maximiliano de Almeida - RS,161123
4312252,Minas do Leão - RS,279177
4312302,Miraguaí - RS,190386
4312351,Montauri - RS,98138
4312377,Monte Alegre dos Campos - RS,109730
4312385,Monte Belo do Sul - RS,94435
4312401,Montenegro - RS,5752345
4312427,Mormaço - RS,153334
4312443,Morrinhos do Sul - RS,81466
4312450,Morro Redondo - RS,132445
4312476,Morro Reuter - RS,274167
4312500,Mostardas - RS,643326
4312609,Muçum - RS,301852
4312617,Muitos Capões - RS,1122086
4312625,Muliterno - RS,91988
4312658,Não-Me-Toque - RS,2207535
4312674,Nicolau Vergueiro - RS,146252
4312708,Nonoai - RS,525507
4312757,Nova Alvorada - RS,236575
4312807,Nova Araçá - RS,327226
4312906,Nova Bassano - RS,802207
4312955,Nova Boa Vista - RS,145343
4313003,Nova Bréscia - RS,141144
4313011,Nova Candelária - RS,229431
4313037,Nova Esperança do Sul - RS,172366
4313060,Nova Hartz - RS,805698
4313086,Nova Pádua - RS,100211
4313102,Nova Palma - RS,382689
4313201,Nova Petrópolis - RS,972689
4313300,Nova Prata - RS,1730043
4313334,Nova Ramada - RS,304678
4313359,Nova Roma do Sul - RS,169305
4313375,Nova Santa Rita - RS,2487522
4313391,Novo Cabrais - RS,133172
4313409,Novo Hamburgo - RS,10037923
4313425,Novo Machado - RS,186355
4313441,Novo Tiradentes - RS,74729
4313466,Novo Xingu - RS,75034
4313490,Novo Barreiro - RS,135200
4313508,Osório - RS,1819038
4313607,Paim Filho - RS,167646
4313656,Palmares do Sul - RS,735606
4313706,Palmeira das Missões - RS,2215057
4313805,Palmitinho - RS,271643
4313904,Panambi - RS,3167752
4313953,Pantano Grande - RS,533689
4314001,Paraí - RS,424447
4314027,Paraíso do Sul - RS,207386
4314035,Pareci Novo - RS,136435
4314050,Parobé - RS,1390320
4314068,Passa Sete - RS,132983
4314076,Passo do Sobrado - RS,229641
4314100,Passo Fundo - RS,12552867
4314134,Paulo Bento - RS,195870
4314159,Paverama - RS,242458
4314175,Pedras Altas - RS,386190
4314209,Pedro Osório - RS,270651
4314308,Pejuçara - RS,464212
4314407,Pelotas - RS,10778176
4314423,Picada Café - RS,386453
4314456,Pinhal - RS,123342
4314464,Pinhal da Serra - RS,304725
4314472,Pinhal Grande - RS,931834
4314498,Pinheirinho do Vale - RS,131549
4314506,Pinheiro Machado - RS,397726
4314548,Pinto Bandeira - RS,74286
4314555,Pirapó - RS,94672
4314605,Piratini - RS,880277
4314704,Planalto - RS,252508
4314753,Poço das Antas - RS,131757
4314779,Pontão - RS,403317
4314787,Ponte Preta - RS,96049
4314803,Portão - RS,1662403
4314902,Porto Alegre - RS,81563063
4315008,Porto Lucena - RS,135662
4315057,Porto Mauá - RS,89350
4315073,Porto Vera Cruz - RS,45212
4315107,Porto Xavier - RS,210927
4315131,Pouso Novo - RS,61420
4315149,Presidente Lucena - RS,213813
4315156,Progresso - RS,166517
4315172,Protásio Alves - RS,93263
4315206,Putinga - RS,133443
4315305,Quaraí - RS,625752
4315313,Quatro Irmãos - RS,185963
4315321,Quevedos - RS,299304
4315354,Quinze de Novembro - RS,255121
4315404,Redentora - RS,232904
4315453,Relvado - RS,82687
4315503,Restinga Sêca - RS,673423
4315552,Rio dos Índios - RS,136486
4315602,Rio Grande - RS,13282201
4315701,Rio Pardo - RS,1390525
4315750,Riozinho - RS,155849
4315800,Roca Sales - RS,576083
4315909,Rodeio Bonito - RS,279280
4315958,Rolador - RS,161914
4316006,Rolante - RS,731611
4316105,Ronda Alta - RS,471554
4316204,Rondinha - RS,268874
4316303,Roque Gonzales - RS,437026
4316402,Rosário do Sul - RS,1381976
4316428,Sagrada Família - RS,82616
4316436,Saldanha Marinho - RS,254248
4316451,Salto do Jacuí - RS,1213458
4316477,Salvador das Missões - RS,178470
4316501,Salvador do Sul - RS,337663
4316600,Sananduva - RS,843826
4316709,Santa Bárbara do Sul - RS,1336030
4316733,Santa Cecília do Sul - RS,143880
4316758,Santa Clara do Sul - RS,339107
4316808,Santa Cruz do Sul - RS,9815201
4316907,Santa Maria - RS,9562066
4316956,Santa Maria do Herval - RS,279409
4316972,Santa Margarida do Sul - RS,361016
4317004,Santana da Boa Vista - RS,364901
4317103,Sant'Ana do Livramento - RS,2823928
4317202,Santa Rosa - RS,3732053
4317251,Santa Tereza - RS,49851
4317301,Santa Vitória do Palmar - RS,1755631
4317400,Santiago - RS,2021451
4317509,Santo Ângelo - RS,3180273
4317558,Santo Antônio do Palma - RS,119797
4317608,Santo Antônio da Patrulha - RS,1680505
4317707,Santo Antônio das Missões - RS,673946
4317756,Santo Antônio do Planalto - RS,189470
4317806,Santo Augusto - RS,848439
4317905,Santo Cristo - RS,784071
4317954,Santo Expedito do Sul - RS,128953
4318002,São Borja - RS,2570766
4318051,São Domingos do Sul - RS,123436
4318101,São Francisco de Assis - RS,804124
4318200,São Francisco de Paula - RS,1026518
4318309,São Gabriel - RS,2723193
4318408,São Jerônimo - RS,667014
4318424,São João da Urtiga - RS,184149
4318432,São João do Polêsine - RS,104818
4318440,São Jorge - RS,133331
4318457,São José das Missões - RS,93351
4318465,São José do Herval - RS,59113
4318481,São José do Hortêncio - RS,117866
4318499,São José do Inhacorá - RS,183794
4318507,São José do Norte - RS,792704
4318606,São José do Ouro - RS,463018
4318614,São José do Sul - RS,94019
4318622,São José dos Ausentes - RS,155632
4318705,São Leopoldo - RS,10855414
4318804,São Lourenço do Sul - RS,1701071
4318903,São Luiz Gonzaga - RS,1903783
4319000,São Marcos - RS,1145393
4319109,São Martinho - RS,354030
4319125,São Martinho da Serra - RS,336100
4319158,São Miguel das Missões - RS,867930
4319208,São Nicolau - RS,228047
4319307,São Paulo das Missões - RS,200549
4319356,São Pedro da Serra - RS,113228
4319364,São Pedro das Missões - RS,114178
4319372,São Pedro do Butiá - RS,161665
4319406,São Pedro do Sul - RS,532258
4319505,São Sebastião do Caí - RS,899461
4319604,São Sepé - RS,1331321
4319703,São Valentim - RS,135541
4319711,São Valentim do Sul - RS,95576
4319737,São Valério do Sul - RS,90430
4319752,São Vendelino - RS,95748
4319802,São Vicente do Sul - RS,730555
4319901,Sapiranga - RS,3615599
4320008,Sapucaia do Sul - RS,4204086
4320107,Sarandi - RS,1299139
4320206,Seberi - RS,617245
4320230,Sede Nova - RS,157535
4320263,Segredo - RS,163088
4320305,Selbach - RS,375174
4320321,Senador Salgado Filho - RS,149060
4320354,Sentinela do Sul - RS,136267
4320404,Serafina Corrêa - RS,782303
4320453,Sério - RS,59572
4320503,Sertão - RS,534503
4320552,Sertão Santana - RS,314768
4320578,Sete de Setembro - RS,105652
4320602,Severiano de Almeida - RS,149414
4320651,Silveira Martins - RS,86631
4320677,Sinimbu - RS,213482
4320701,Sobradinho - RS,438644
4320800,Soledade - RS,1405196
4320859,Tabaí - RS,142087
4320909,Tapejara - RS,1644548
4321006,Tapera - RS,640275
4321105,Tapes - RS,603914
4321204,Taquara - RS,1568880
4321303,Taquari - RS,1094083
4321329,Taquaruçu do Sul - RS,188858
4321352,Tavares - RS,124254
4321402,Tenente Portela - RS,579215
4321436,Terra de Areia - RS,291340
4321451,Teutônia - RS,1576011
4321469,Tio Hugo - RS,174784
4321477,Tiradentes do Sul - RS,196243
4321493,Toropi - RS,101334
4321501,Torres - RS,1382107
4321600,Tramandaí - RS,1234556
4321626,Travesseiro - RS,78088
4321634,Três Arroios - RS,141197
4321667,Três Cachoeiras - RS,308570
4321709,Três Coroas - RS,805149
4321808,Três de Maio - RS,1353676
4321832,Três Forquilhas - RS,64219
4321857,Três Palmeiras - RS,178530
4321907,Três Passos - RS,1033034
4321956,Trindade do Sul - RS,351371
4322004,Triunfo - RS,12982404
4322103,Tucunduva - RS,259332
4322152,Tunas - RS,120845
4322186,Tupanci do Sul - RS,94728
4322202,Tupanciretã - RS,2052015
4322251,Tupandi - RS,533593
4322301,Tuparendi - RS,383535
4322327,Turuçu - RS,163727
4322343,Ubiretama - RS,110732
4322350,União da Serra - RS,91174
4322376,Unistalda - RS,149067
4322400,Uruguaiana - RS,3717113
4322509,Vacaria - RS,3245679
4322525,Vale Verde - RS,130453
4322533,Vale do Sol - RS,272714
4322541,Vale Real - RS,198294
4322558,Vanini - RS,94776
4322608,Venâncio Aires - RS,3732042
4322707,Vera Cruz - RS,826722
4322806,Veranópolis - RS,1738706
4322855,Vespasiano Corrêa - RS,119440
4322905,Viadutos - RS,204582
4323002,Viamão - RS,4335081
4323101,Vicente Dutra - RS,126515
4323200,Victor Graeff - RS,295872
4323309,Vila Flores - RS,297553
4323358,Vila Lângaro - RS,168933
4323408,Vila Maria - RS,389407
4323457,Vila Nova do Sul - RS,195943
4323507,Vista Alegre - RS,137064
4323606,Vista Alegre do Prata - RS,85229
4323705,Vista Gaúcha - RS,103513
4323754,Vitória das Missões - RS,159528
4323770,Westfália - RS,264840
4323804,Xangri-lá - RS,733160
5000203,Água Clara - MS,1211925
5000252,Alcinópolis - MS,237904
5000609,Amambai - MS,2033695
5000708,Anastácio - MS,609913
5000807,Anaurilândia - MS,410374
5000856,Angélica - MS,883913
5000906,Antônio João - MS,866590
5001003,Aparecida do Taboado - MS,1660199
5001102,Aquidauana - MS,1116844
5001243,Aral Moreira - MS,1255601
5001508,Bandeirantes - MS,780114
5001904,Bataguassu - MS,1055097
5002001,Batayporã - MS,603790
5002100,Bela Vista - MS,931638
5002159,Bodoquena - MS,332561
5002209,Bonito - MS,1130067
5002308,Brasilândia - MS,833889
5002407,Caarapó - MS,1967108
5002605,Camapuã - MS,607830
5002704,Campo Grande - MS,35187899
5002803,Caracol - MS,174649
5002902,Cassilândia - MS,712341
5002951,Chapadão do Sul - MS,2655075
5003108,Corguinho - MS,144630
5003157,Coronel Sapucaia - MS,336178
5003207,Corumbá - MS,3847165
5003256,Costa Rica - MS,2556159
5003306,Coxim - MS,1225785
5003454,Deodápolis - MS,461295
5003488,Dois Irmãos do Buriti - MS,310923
5003504,Douradina - MS,214592
5003702,Dourados - MS,12300149
5003751,Eldorado - MS,524691
5003801,Fátima do Sul - MS,699103
5003900,Figueirão - MS,142133
5004007,Glória de Dourados - MS,280101
5004106,Guia Lopes da Laguna - MS,350228
5004304,Iguatemi - MS,788191
5004403,Inocência - MS,406133
5004502,Itaporã - MS,1124125
5004601,Itaquiraí - MS,1258878
5004700,Ivinhema - MS,1461628
5004809,Japorã - MS,165050
5004908,Jaraguari - MS,370994
5005004,Jardim - MS,930098
5005103,Jateí - MS,474840
5005152,Juti - MS,483743
5005202,Ladário - MS,371028
5005251,Laguna Carapã - MS,1097292
5005400,Maracaju - MS,4517627
5005608,Miranda - MS,631602
5005681,Mundo Novo - MS,942239
5005707,Naviraí - MS,2901635
5005806,Nioaque - MS,447265
5006002,Nova Alvorada do Sul - MS,2282707
5006200,Nova Andradina - MS,3281855
5006259,Novo Horizonte do Sul - MS,279117
5006275,Paraíso das Águas - MS,1296594
5006309,Paranaíba - MS,1587295
5006358,Paranhos - MS,286014
5006408,Pedro Gomes - MS,268953
5006606,Ponta Porã - MS,4771500
5006903,Porto Murtinho - MS,464125
5007109,Ribas do Rio Pardo - MS,1965364
5007208,Rio Brilhante - MS,3298707
5007307,Rio Negro - MS,130213
5007406,Rio Verde de Mato Grosso - MS,601958
5007505,Rochedo - MS,231964
5007554,Santa Rita do Pardo - MS,467080
5007695,São Gabriel do Oeste - MS,2185644
5007703,Sete Quedas - MS,418189
5007802,Selvíria - MS,1721432
5007901,Sidrolândia - MS,3327696
5007935,Sonora - MS,1024261
5007950,Tacuru - MS,313035
5007976,Taquarussu - MS,181313
5008008,Terenos - MS,717675
5008305,Três Lagoas - MS,11704743
5008404,Vicentina - MS,371816
5100102,Acorizal - MT,109140
5100201,Água Boa - MT,2000535
5100250,Alta Floresta - MT,2111630
5100300,Alto Araguaia - MT,1172814
5100359,Alto Boa Vista - MT,264000
5100409,Alto Garças - MT,1197572
5100508,Alto Paraguai - MT,166610
5100607,Alto Taquari - MT,1295710
5100805,Apiacás - MT,233790
5101001,Araguaiana - MT,126561
5101209,Araguainha - MT,28025
5101258,Araputanga - MT,655066
5101308,Arenápolis - MT,232216
5101407,Aripuanã - MT,1445988
5101605,Barão de Melgaço - MT,124583
5101704,Barra do Bugres - MT,1568772
5101803,Barra do Garças - MT,2578984
5101852,Bom Jesus do Araguaia - MT,769106
5101902,Brasnorte - MT,2087054
5102504,Cáceres - MT,2264298
5102603,Campinápolis - MT,437258
5102637,Campo Novo do Parecis - MT,6910185
5102678,Campo Verde - MT,4992842
5102686,Campos de Júlio - MT,3302451
5102694,Canabrava do Norte - MT,267165
5102702,Canarana - MT,2931363
5102793,Carlinda - MT,299341
5102850,Castanheira - MT,215078
5103007,Chapada dos Guimarães - MT,1214478
5103056,Cláudia - MT,1068338
5103106,Cocalinho - MT,297648
5103205,Colíder - MT,1269286
5103254,Colniza - MT,849011
5103304,Comodoro - MT,1258117
5103353,Confresa - MT,1536916
5103361,Conquista D'Oeste - MT,143169
5103379,Cotriguaçu - MT,324391
5103403,Cuiabá - MT,29743722
5103437,Curvelândia - MT,123824
5103452,Denise - MT,529572
5103502,Diamantino - MT,5746756
5103601,Dom Aquino - MT,673289
5103700,Feliz Natal - MT,1044834
5103809,Figueirópolis D'Oeste - MT,83603
5103858,Gaúcha do Norte - MT,1290850
5103908,General Carneiro - MT,481705
5103957,Glória D'Oeste - MT,89215
5104104,Guarantã do Norte - MT,1099092
5104203,Guiratinga - MT,727107
5104500,Indiavaí - MT,103576
5104526,Ipiranga do Norte - MT,1924821
5104542,Itanhangá - MT,721420
5104559,Itaúba - MT,418990
5104609,Itiquira - MT,2144680
5104807,Jaciara - MT,1197725
5104906,Jangada - MT,188752
5105002,Jauru - MT,348767
5105101,Juara - MT,1365473
5105150,Juína - MT,1332790
5105176,Juruena - MT,297859
5105200,Juscimeira - MT,528595
5105234,Lambari D'Oeste - MT,244948
5105259,Lucas do Rio Verde - MT,6891172
5105309,Luciara - MT,41158
5105507,Vila Bela da Santíssima Trindade - MT,639027
5105580,Marcelândia - MT,674525
5105606,Matupá - MT,1282800
5105622,Mirassol d'Oeste - MT,835566
5105903,Nobres - MT,1114842
5106000,Nortelândia - MT,325635
5106109,Nossa Senhora do Livramento - MT,387788
5106158,Nova Bandeirantes - MT,343302
5106174,Nova Nazaré - MT,140562
5106182,Nova Lacerda - MT,445568
5106190,Nova Santa Helena - MT,333226
5106208,Nova Brasilândia - MT,109110
5106216,Nova Canaã do Norte - MT,909101
5106224,Nova Mutum - MT,6036492
5106232,Nova Olímpia - MT,732047
5106240,Nova Ubiratã - MT,3270100
5106257,Nova Xavantina - MT,1033180
5106265,Novo Mundo - MT,486222
5106273,Novo Horizonte do Norte - MT,101476
5106281,Novo São Joaquim - MT,862983
5106299,Paranaíta - MT,796134
5106307,Paranatinga - MT,2135755
5106315,Novo Santo Antônio - MT,56622
5106372,Pedra Preta - MT,1575720
5106422,Peixoto de Azevedo - MT,918432
5106455,Planalto da Serra - MT,231865
5106505,Poconé - MT,709415
5106653,Pontal do Araguaia - MT,123203
5106703,Ponte Branca - MT,31217
5106752,Pontes e Lacerda - MT,2436063
5106778,Porto Alegre do Norte - MT,568644
5106802,Porto dos Gaúchos - MT,1318753
5106828,Porto Esperidião - MT,308567
5106851,Porto Estrela - MT,83532
5107008,Poxoréu - MT,1077680
5107040,Primavera do Leste - MT,6964815
5107065,Querência - MT,4259261
5107107,São José dos Quatro Marcos - MT,448462
5107156,Reserva do Cabaçal - MT,47446
5107180,Ribeirão Cascalheira - MT,756776
5107198,Ribeirãozinho - MT,188968
5107206,Rio Branco - MT,107188
5107248,Santa Carmem - MT,1032285
5107263,Santo Afonso - MT,161534
5107297,São José do Povo - MT,58942
5107305,São José do Rio Claro - MT,1465536
5107354,São José do Xingu - MT,934646
5107404,São Pedro da Cipa - MT,69263
5107578,Rondolândia - MT,114345
5107602,Rondonópolis - MT,17294386
5107701,Rosário Oeste - MT,534979
5107743,Santa Cruz do Xingu - MT,320546
5107750,Salto do Céu - MT,94294
5107768,Santa Rita do Trivelato - MT,1236019
5107776,Santa Terezinha - MT,300549
5107792,Santo Antônio do Leste - MT,1019938
5107800,Santo Antônio de Leverger - MT,820042
5107859,São Félix do Araguaia - MT,1622830
5107875,Sapezal - MT,6978522
5107883,Serra Nova Dourada - MT,75359
5107909,Sinop - MT,9623193
5107925,Sorriso - MT,12522102
5107941,Tabaporã - MT,1319770
5107958,Tangará da Serra - MT,5584812
5108006,Tapurah - MT,2007623
5108055,Terra Nova do Norte - MT,502243
5108105,Tesouro - MT,312770
5108204,Torixoréu - MT,211334
5108303,União do Sul - MT,504202
5108352,Vale de São Domingos - MT,77128
5108402,Várzea Grande - MT,9916032
5108501,Vera - MT,1291884
5108600,Vila Rica - MT,879112
5108808,Nova Guarita - MT,167410
5108857,Nova Marilândia - MT,422820
5108907,Nova Maringá - MT,1204704
5108956,Nova Monte Verde - MT,367193
5200050,Abadia de Goiás - GO,353748
5200100,Abadiânia - GO,445369
5200134,Acreúna - GO,1051903
5200159,Adelândia - GO,48810
5200175,Água Fria de Goiás - GO,533256
5200209,Água Limpa - GO,63867
5200258,Águas Lindas de Goiás - GO,2463488
5200308,Alexânia - GO,1128156
5200506,Aloândia - GO,63743
5200555,Alto Horizonte - GO,1280308
5200605,Alto Paraíso de Goiás - GO,297039
5200803,Alvorada do Norte - GO,173153
5200829,Amaralina - GO,109093
5200852,Americano do Brasil - GO,91419
5200902,Amorinópolis - GO,118920
5201108,Anápolis - GO,17789474
5201207,Anhanguera - GO,21702
5201306,Anicuns - GO,512612
5201405,Aparecida de Goiânia - GO,16981188
5201454,Aparecida do Rio Doce - GO,110094
5201504,Aporé - GO,395754
5201603,Araçu - GO,73510
5201702,Aragarças - GO,277756
5201801,Aragoiânia - GO,174344
5202155,Araguapaz - GO,180146
5202353,Arenópolis - GO,222600
5202502,Aruanã - GO,291985
5202601,Aurilândia - GO,81585
5202809,Avelinópolis - GO,68067
5203104,Baliza - GO,123257
5203203,Barro Alto - GO,1573641
5203302,Bela Vista de Goiás - GO,1481064
5203401,Bom Jardim de Goiás - GO,257679
5203500,Bom Jesus de Goiás - GO,1229697
5203559,Bonfinópolis - GO,121159
5203575,Bonópolis - GO,156648
5203609,Brazabrantes - GO,93847
5203807,Britânia - GO,198125
5203906,Buriti Alegre - GO,467748
5203939,Buriti de Goiás - GO,56930
5203962,Buritinópolis - GO,88916
5204003,Cabeceiras - GO,475971
5204102,Cachoeira Alta - GO,281720
5204201,Cachoeira de Goiás - GO,38880
5204250,Cachoeira Dourada - GO,69505
5204300,Caçu - GO,912901
5204409,Caiapônia - GO,821715
5204508,Caldas Novas - GO,3001268
5204557,Caldazinha - GO,84657
5204607,Campestre de Goiás - GO,72754
5204656,Campinaçu - GO,110528
5204706,Campinorte - GO,333043
5204805,Campo Alegre de Goiás - GO,846766
5204854,Campo Limpo de Goiás - GO,165123
5204904,Campos Belos - GO,315342
5204953,Campos Verdes - GO,56359
5205000,Carmo do Rio Verde - GO,488110
5205059,Castelândia - GO,91630
5205109,Catalão - GO,9916890
5205208,Caturaí - GO,100787
5205307,Cavalcante - GO,383048
5205406,Ceres - GO,734719
5205455,Cezarina - GO,385020
5205471,Chapadão do Céu - GO,2188780
5205497,Cidade Ocidental - GO,1006341
5205513,Cocalzinho de Goiás - GO,436380
5205521,Colinas do Sul - GO,70463
5205703,Córrego do Ouro - GO,74387
5205802,Corumbá de Goiás - GO,260271
5205901,Corumbaíba - GO,709290
5206206,Cristalina - GO,4602541
5206305,Cristianópolis - GO,120120
5206404,Crixás - GO,699386
5206503,Cromínia - GO,99576
5206602,Cumari - GO,96880
5206701,Damianópolis - GO,44989
5206800,Damolândia - GO,52509
5206909,Davinópolis - GO,583107
5207105,Diorama - GO,96859
5207253,Doverlândia - GO,400905
5207352,Edealina - GO,405228
5207402,Edéia - GO,923375
5207501,Estrela do Norte - GO,74811
5207535,Faina - GO,167618
5207600,Fazenda Nova - GO,152416
5207808,Firminópolis - GO,272142
5207907,Flores de Goiás - GO,250972
5208004,Formosa - GO,3248097
5208103,Formoso - GO,111687
5208152,Gameleira de Goiás - GO,312545
5208301,Divinópolis de Goiás - GO,91720
5208400,Goianápolis - GO,294420
5208509,Goiandira - GO,202210
5208608,Goianésia - GO,1888440
5208707,Goiânia - GO,59870499
5208806,Goianira - GO,1102805
5208905,Goiás - GO,763779
5209101,Goiatuba - GO,2169650
5209150,Gouvelândia - GO,169400
5209200,Guapó - GO,347725
5209291,Guaraíta - GO,52186
5209408,Guarani de Goiás - GO,86104
5209457,Guarinos - GO,64356
5209606,Heitoraí - GO,83890
5209705,Hidrolândia - GO,1329218
5209804,Hidrolina - GO,87757
5209903,Iaciara - GO,226552
5209937,Inaciolândia - GO,237550
5209952,Indiara - GO,656345
5210000,Inhumas - GO,1406365
5210109,Ipameri - GO,2429509
5210158,Ipiranga de Goiás - GO,69954
5210208,Iporá - GO,876399
5210307,Israelândia - GO,71479
5210406,Itaberaí - GO,1805075
5210562,Itaguari - GO,98151
5210604,Itaguaru - GO,104100
5210802,Itajá - GO,131521
5210901,Itapaci - GO,547603
5211008,Itapirapuã - GO,222293
5211206,Itapuranga - GO,553625
5211305,Itarumã - GO,324864
5211404,Itauçu - GO,219256
5211503,Itumbiara - GO,5324712
5211602,Ivolândia - GO,139635
5211701,Jandaia - GO,426843
5211800,Jaraguá - GO,919843
5211909,Jataí - GO,7997057
5212006,Jaupaci - GO,83166
5212055,Jesúpolis - GO,39675
5212105,Joviânia - GO,342155
5212204,Jussara - GO,693526
5212253,Lagoa Santa - GO,51870
5212303,Leopoldo de Bulhões - GO,343236
5212501,Luziânia - GO,5400879
5212600,Mairipotaba - GO,88307
5212709,Mambaí - GO,107552
5212808,Mara Rosa - GO,291278
5212907,Marzagão - GO,68550
5212956,Matrinchã - GO,170669
5213004,Maurilândia - GO,247923
5213053,Mimoso de Goiás - GO,247572
5213087,Minaçu - GO,1296753
5213103,Mineiros - GO,3288959
5213400,Moiporá - GO,53255
5213509,Monte Alegre de Goiás - GO,120282
5213707,Montes Claros de Goiás - GO,498816
5213756,Montividiu - GO,1604454
5213772,Montividiu do Norte - GO,108845
5213806,Morrinhos - GO,1857571
5213855,Morro Agudo de Goiás - GO,54837
5213905,Mossâmedes - GO,131845
5214002,Mozarlândia - GO,1025089
5214051,Mundo Novo - GO,180856
5214101,Mutunópolis - GO,86431
5214408,Nazário - GO,276931
5214507,Nerópolis - GO,1021269
5214606,Niquelândia - GO,1291841
5214705,Nova América - GO,48893
5214804,Nova Aurora - GO,71042
5214838,Nova Crixás - GO,628584
5214861,Nova Glória - GO,141181
5214879,Nova Iguaçu de Goiás - GO,61477
5214903,Nova Roma - GO,66589
5215009,Nova Veneza - GO,197285
5215207,Novo Brasil - GO,85247
5215231,Novo Gama - GO,1154253
5215256,Novo Planalto - GO,160467
5215306,Orizona - GO,938192
5215405,Ouro Verde de Goiás - GO,150022
5215504,Ouvidor - GO,765440
5215603,Padre Bernardo - GO,1052238
5215652,Palestina de Goiás - GO,173212
5215702,Palmeiras de Goiás - GO,1770858
5215801,Palmelo - GO,55764
5215900,Palminópolis - GO,220066
5216007,Panamá - GO,109643
5216304,Paranaiguara - GO,236712
5216403,Paraúna - GO,1559971
5216452,Perolândia - GO,708423
5216809,Petrolina de Goiás - GO,178796
5216908,Pilar de Goiás - GO,192761
5217104,Piracanjuba - GO,1239086
5217203,Piranhas - GO,609418
5217302,Pirenópolis - GO,640388
5217401,Pires do Rio - GO,1405175
5217609,Planaltina - GO,1453270
5217708,Pontalina - GO,717261
5218003,Porangatu - GO,1430254
5218052,Porteirão - GO,222488
5218102,Portelândia - GO,367303
5218300,Posse - GO,703663
5218391,Professor Jamil - GO,72101
5218508,Quirinópolis - GO,2147676
5218607,Rialma - GO,314517
5218706,Rianápolis - GO,83234
5218789,Rio Quente - GO,326141
5218805,Rio Verde - GO,16307342
5218904,Rubiataba - GO,565948
5219001,Sanclerlândia - GO,217582
5219100,Santa Bárbara de Goiás - GO,154126
5219209,Santa Cruz de Goiás - GO,295258
5219258,Santa Fé de Goiás - GO,260186
5219308,Santa Helena de Goiás - GO,1621078
5219357,Santa Isabel - GO,123191
5219407,Santa Rita do Araguaia - GO,204972
5219456,Santa Rita do Novo Destino - GO,110073
5219506,Santa Rosa de Goiás - GO,68318
5219605,Santa Tereza de Goiás - GO,87583
5219704,Santa Terezinha de Goiás - GO,190867
5219712,Santo Antônio da Barra - GO,321015
5219738,Santo Antônio de Goiás - GO,154853
5219753,Santo Antônio do Descoberto - GO,825809
5219803,São Domingos - GO,206273
5219902,São Francisco de Goiás - GO,130603
5220009,São João d'Aliança - GO,570027
5220058,São João da Paraúna - GO,139629
5220108,São Luís de Montes Belos - GO,1486992
5220157,São Luiz do Norte - GO,137418
5220207,São Miguel do Araguaia - GO,691659
5220264,São Miguel do Passa Quatro - GO,316743
5220280,São Patrício - GO,53464
5220405,São Simão - GO,1432951
5220454,Senador Canedo - GO,4765630
5220504,Serranópolis - GO,652613
5220603,Silvânia - GO,1315612
5220686,Simolândia - GO,173337
5220702,Sítio d'Abadia - GO,75928
5221007,Taquaral de Goiás - GO,89317
5221080,Teresina de Goiás - GO,39136
5221197,Terezópolis de Goiás - GO,211092
5221304,Três Ranchos - GO,63881
5221403,Trindade - GO,2666874
5221452,Trombas - GO,70143
5221502,Turvânia - GO,204402
5221551,Turvelândia - GO,566499
5221577,Uirapuru - GO,77435
5221601,Uruaçu - GO,1299993
5221700,Uruana - GO,294394
5221809,Urutaí - GO,164818
5221858,Valparaíso de Goiás - GO,2964938
5221908,Varjão - GO,105105
5222005,Vianópolis - GO,858016
5222054,Vicentinópolis - GO,480210
5222203,Vila Boa - GO,179924
5222302,Vila Propício - GO,308035
5300108,Brasília - DF,286943782
